SET @ORIG_PAUSE_BACKGROUND_WORK = @@ROCKSDB_PAUSE_BACKGROUND_WORK;
SET GLOBAL ROCKSDB_PAUSE_BACKGROUND_WORK = 1;
CREATE TABLE t1 (
d1 DECIMAL(10,2) PRIMARY KEY,
d2 DECIMAL(60,10),
n1 NUMERIC,
n2 NUMERIC(65,4)
) ENGINE=rocksdb;
SHOW INDEX IN t1;
Table	Non_unique	Key_name	Seq_in_index	Column_name	Collation	Cardinality	Sub_part	Packed	Null	Index_type	Comment	Index_comment	Visible	Expression
t1	0	PRIMARY	1	d1	A	1000	NULL	NULL		SE_SPECIFIC			YES	NULL
INSERT INTO t1 (d1,d2,n1,n2) VALUES 
(10.22,60.12345,123456,14.3456),
(10.0,60.12345,123456,14),
(11.14,15,123456,13),
(100,100,1,2),
(0,0,0,0),
(4540424564.23,3343303441.0,12,13),
(15,17,23,100000);
ERROR 22003: Out of range value for column 'd1' at row 6
set @orig_sql_mode=@@session.sql_mode;
set session sql_mode="";
INSERT INTO t1 (d1,d2,n1,n2) VALUES 
(10.22,60.12345,123456,14.3456),
(10.0,60.12345,123456,14),
(11.14,15,123456,13),
(100,100,1,2),
(0,0,0,0),
(4540424564.23,3343303441.0,12,13),
(15,17,23,100000);
Warnings:
Warning	1264	Out of range value for column 'd1' at row 6
set session sql_mode=@orig_sql_mode;
EXPLAIN SELECT d1 FROM t1 ORDER BY d1 DESC;
id	select_type	table	partitions	type	possible_keys	key	key_len	ref	rows	filtered	Extra
1	SIMPLE	t1	NULL	index	NULL	PRIMARY	5	NULL	#	100.00	Backward index scan; Using index
Warnings:
Note	1003	/* select#1 */ select `test`.`t1`.`d1` AS `d1` from `test`.`t1` order by `test`.`t1`.`d1` desc
SELECT d1 FROM t1 ORDER BY d1 DESC;
d1
99999999.99
100.00
15.00
11.14
10.22
10.00
0.00
EXPLAIN SELECT d1 FROM t1 IGNORE INDEX FOR ORDER BY (PRIMARY) ORDER BY d1 DESC;
id	select_type	table	partitions	type	possible_keys	key	key_len	ref	rows	filtered	Extra
1	SIMPLE	t1	NULL	index	NULL	PRIMARY	5	NULL	#	100.00	Using index; Using filesort
Warnings:
Note	1003	/* select#1 */ select `test`.`t1`.`d1` AS `d1` from `test`.`t1` IGNORE INDEX FOR ORDER BY (PRIMARY) order by `test`.`t1`.`d1` desc
SELECT d1 FROM t1 IGNORE INDEX FOR ORDER BY (PRIMARY) ORDER BY d1 DESC;
d1
99999999.99
100.00
15.00
11.14
10.22
10.00
0.00
DROP TABLE t1;
CREATE TABLE t1 (
d1 DECIMAL(10,2),
d2 DECIMAL(60,10),
n1 NUMERIC,
n2 NUMERIC(65,4),
pk NUMERIC PRIMARY KEY,
UNIQUE INDEX n1_n2 (n1,n2)
) ENGINE=rocksdb;
SHOW INDEX IN t1;
Table	Non_unique	Key_name	Seq_in_index	Column_name	Collation	Cardinality	Sub_part	Packed	Null	Index_type	Comment	Index_comment	Visible	Expression
t1	0	PRIMARY	1	pk	A	1000	NULL	NULL		SE_SPECIFIC			YES	NULL
t1	0	n1_n2	1	n1	A	500	NULL	NULL	YES	SE_SPECIFIC			YES	NULL
t1	0	n1_n2	2	n2	A	1000	NULL	NULL	YES	SE_SPECIFIC			YES	NULL
INSERT INTO t1 (d1,d2,n1,n2,pk) VALUES
(10.22,60.12345,123456,14.3456,1),
(10.0,60.12345,123456,14,2),
(11.14,15,123456,13,3),
(100,100,1,2,4),
(0,0,0,0,5),
(4540424564.23,3343303441.0,12,13,6),
(15,17,23,100000,7);
ERROR 22003: Out of range value for column 'd1' at row 6
set @orig_sql_mode=@@session.sql_mode;
set session sql_mode="";
INSERT INTO t1 (d1,d2,n1,n2,pk) VALUES
(10.22,60.12345,123456,14.3456,1),
(10.0,60.12345,123456,14,2),
(11.14,15,123456,13,3),
(100,100,1,2,4),
(0,0,0,0,5),
(4540424564.23,3343303441.0,12,13,6),
(15,17,23,100000,7);
Warnings:
Warning	1264	Out of range value for column 'd1' at row 6
set session sql_mode=@orig_sql_mode;
EXPLAIN SELECT DISTINCT n1+n2 FROM t1;
id	select_type	table	partitions	type	possible_keys	key	key_len	ref	rows	filtered	Extra
1	SIMPLE	t1	NULL	index	n1_n2	n1_n2	37	NULL	#	100.00	Using index; Using temporary
Warnings:
Note	1003	/* select#1 */ select distinct (`test`.`t1`.`n1` + `test`.`t1`.`n2`) AS `n1+n2` from `test`.`t1`
SELECT DISTINCT n1+n2 FROM t1;
n1+n2
0.0000
100023.0000
123469.0000
123470.0000
123470.3456
25.0000
3.0000
DROP TABLE t1;
CREATE TABLE t1 (
d1 DECIMAL(10,2),
d2 DECIMAL(60,10),
n1 NUMERIC,
n2 NUMERIC(65,4),
pk DECIMAL(20,10) PRIMARY KEY,
INDEX (d2)
) ENGINE=rocksdb;
SHOW INDEX IN t1;
Table	Non_unique	Key_name	Seq_in_index	Column_name	Collation	Cardinality	Sub_part	Packed	Null	Index_type	Comment	Index_comment	Visible	Expression
t1	0	PRIMARY	1	pk	A	1000	NULL	NULL		SE_SPECIFIC			YES	NULL
t1	1	d2	1	d2	A	500	NULL	NULL	YES	SE_SPECIFIC			YES	NULL
INSERT INTO t1 (d1,d2,n1,n2,pk) VALUES
(10.22,60.12345,123456,14.3456,1),
(10.0,60.12345,123456,14,2),
(11.14,15,123456,13,3),
(100,100,1,2,4),
(0,0,0,0,5),
(4540424564.23,3343303441.0,12,13,6),
(15,17,23,100000,7);
ERROR 22003: Out of range value for column 'd1' at row 6
set @orig_sql_mode=@@session.sql_mode;
set session sql_mode="";
INSERT INTO t1 (d1,d2,n1,n2,pk) VALUES
(10.22,60.12345,123456,14.3456,1),
(10.0,60.12345,123456,14,2),
(11.14,15,123456,13,3),
(100,100,1,2,4),
(0,0,0,0,5),
(4540424564.23,3343303441.0,12,13,6),
(15,17,23,100000,7);
Warnings:
Warning	1264	Out of range value for column 'd1' at row 6
set session sql_mode=@orig_sql_mode;
EXPLAIN SELECT d2, COUNT(*) FROM t1 GROUP BY d2;
id	select_type	table	partitions	type	possible_keys	key	key_len	ref	rows	filtered	Extra
1	SIMPLE	t1	NULL	index	d2	d2	29	NULL	#	100.00	Using index
Warnings:
Note	1003	/* select#1 */ select `test`.`t1`.`d2` AS `d2`,count(0) AS `COUNT(*)` from `test`.`t1` group by `test`.`t1`.`d2`
SELECT d2, COUNT(*) FROM t1 GROUP BY d2;
d2	COUNT(*)
0.0000000000	1
100.0000000000	1
15.0000000000	1
17.0000000000	1
3343303441.0000000000	1
60.1234500000	2
EXPLAIN SELECT d2, COUNT(*) FROM t1 IGNORE INDEX FOR GROUP BY (d2) GROUP BY d2;
id	select_type	table	partitions	type	possible_keys	key	key_len	ref	rows	filtered	Extra
1	SIMPLE	t1	NULL	index	d2	d2	29	NULL	#	100.00	Using index; Using temporary
Warnings:
Note	1003	/* select#1 */ select `test`.`t1`.`d2` AS `d2`,count(0) AS `COUNT(*)` from `test`.`t1` IGNORE INDEX FOR GROUP BY (`d2`) group by `test`.`t1`.`d2`
SELECT d2, COUNT(*) FROM t1 IGNORE INDEX FOR GROUP BY (d2) GROUP BY d2;
d2	COUNT(*)
0.0000000000	1
100.0000000000	1
15.0000000000	1
17.0000000000	1
3343303441.0000000000	1
60.1234500000	2
DROP TABLE t1;
SET GLOBAL ROCKSDB_PAUSE_BACKGROUND_WORK = @ORIG_PAUSE_BACKGROUND_WORK;
