include/rpl_init.inc [topology=1->2->3]
Warnings:
Note	####	Sending passwords in plain text without SSL/TLS is extremely insecure.
Note	####	Storing MySQL user name or password information in the master info repository is not secure and is therefore not recommended. Please consider using the USER and PASSWORD connection options for START SLAVE; see the 'START SLAVE Syntax' in the MySQL Manual for more information.
Warnings:
Note	####	Sending passwords in plain text without SSL/TLS is extremely insecure.
Note	####	Storing MySQL user name or password information in the master info repository is not secure and is therefore not recommended. Please consider using the USER and PASSWORD connection options for START SLAVE; see the 'START SLAVE Syntax' in the MySQL Manual for more information.
###
# Create table on server 1
#####
[connection server_1]
CREATE TABLE t1(a INT NOT NULL) ENGINE=innodb;
###
# Turn table into black hole on server 2
#####
include/sync_slave_sql_with_master.inc
SET sql_log_bin = 0;
ALTER TABLE t1 ENGINE = blackhole;
SET sql_log_bin = 1;
###
# Generate insert, update, delete on server 1
#####
[connection server_1]
INSERT INTO t1 (a) values (1), (2), (3);
ALTER TABLE t1 ADD PRIMARY KEY pk_t1 (a);
UPDATE t1 SET a = 22 WHERE a = 2;
DELETE FROM t1 WHERE a = 3;
SELECT * FROM t1;
a
1
22
include/show_binlog_events.inc
Log_name	Pos	Event_type	Server_id	End_log_pos	Info
master-bin.000001	#	Query	#	#	use `test`; CREATE TABLE t1(a INT NOT NULL) ENGINE=innodb
master-bin.000001	#	Query	#	#	BEGIN
master-bin.000001	#	Rows_query	#	#	# INSERT INTO t1 (a) values (1), (2), (3)
master-bin.000001	#	Table_map	#	#	table_id: # (test.t1)
master-bin.000001	#	Write_rows	#	#	table_id: # flags: STMT_END_F
master-bin.000001	#	Xid	#	#	COMMIT /* XID */
master-bin.000001	#	Query	#	#	use `test`; ALTER TABLE t1 ADD PRIMARY KEY pk_t1 (a)
master-bin.000001	#	Query	#	#	BEGIN
master-bin.000001	#	Rows_query	#	#	# UPDATE t1 SET a = 22 WHERE a = 2
master-bin.000001	#	Table_map	#	#	table_id: # (test.t1)
master-bin.000001	#	Update_rows	#	#	table_id: # flags: STMT_END_F
master-bin.000001	#	Xid	#	#	COMMIT /* XID */
master-bin.000001	#	Query	#	#	BEGIN
master-bin.000001	#	Rows_query	#	#	# DELETE FROM t1 WHERE a = 3
master-bin.000001	#	Table_map	#	#	table_id: # (test.t1)
master-bin.000001	#	Delete_rows	#	#	table_id: # flags: STMT_END_F
master-bin.000001	#	Xid	#	#	COMMIT /* XID */
###
# Sync server 2 with server 1
#####
include/sync_slave_sql_with_master.inc
SELECT * FROM t1;
a
include/show_binlog_events.inc
Log_name	Pos	Event_type	Server_id	End_log_pos	Info
slave-bin.000001	#	Query	#	#	use `test`; CREATE TABLE t1(a INT NOT NULL) ENGINE=innodb
slave-bin.000001	#	Query	#	#	BEGIN
slave-bin.000001	#	Rows_query	#	#	# INSERT INTO t1 (a) values (1), (2), (3)
slave-bin.000001	#	Table_map	#	#	table_id: # (test.t1)
slave-bin.000001	#	Write_rows	#	#	table_id: # flags: STMT_END_F
slave-bin.000001	#	Xid	#	#	COMMIT /* XID */
slave-bin.000001	#	Query	#	#	use `test`; ALTER TABLE t1 ADD PRIMARY KEY pk_t1 (a)
slave-bin.000001	#	Query	#	#	BEGIN
slave-bin.000001	#	Rows_query	#	#	# UPDATE t1 SET a = 22 WHERE a = 2
slave-bin.000001	#	Table_map	#	#	table_id: # (test.t1)
slave-bin.000001	#	Update_rows	#	#	table_id: # flags: STMT_END_F
slave-bin.000001	#	Xid	#	#	COMMIT /* XID */
slave-bin.000001	#	Query	#	#	BEGIN
slave-bin.000001	#	Rows_query	#	#	# DELETE FROM t1 WHERE a = 3
slave-bin.000001	#	Table_map	#	#	table_id: # (test.t1)
slave-bin.000001	#	Delete_rows	#	#	table_id: # flags: STMT_END_F
slave-bin.000001	#	Xid	#	#	COMMIT /* XID */
###
# Sync server 3 with server 2
#####
include/sync_slave_sql_with_master.inc
SELECT * FROM t1;
a
1
22
###
# Cleanup
#####
[connection server_1]
DROP TABLE t1;
include/rpl_end.inc
