#node-1
CREATE TABLE t1 (f1 INTEGER PRIMARY KEY) ENGINE = InnoDB;
#node-1a
SET AUTOCOMMIT=OFF;
SET SESSION wsrep_trx_fragment_size=1;
START TRANSACTION;
INSERT INTO t1 VALUES (11),(12),(13);
#node-1b
SET AUTOCOMMIT=OFF;
SET SESSION wsrep_trx_fragment_size=1;
START TRANSACTION;
INSERT INTO t1 VALUES (21),(22),(23);
#node-2
#node-1
#node-1a
INSERT INTO t1 VALUES (14),(15),(16);
COMMIT;
#node-2
# restart
SELECT COUNT(*) > 0 FROM mysql.wsrep_streaming_log;
COUNT(*) > 0
1
SELECT COUNT(*) = 6 FROM t1 WHERE f1 IN (11,12,13,14,15,16);
COUNT(*) = 6
1
#node-1b
INSERT INTO t1 VALUES (24),(25),(26);
COMMIT;
#node-2
SELECT COUNT(*) = 0 FROM mysql.wsrep_streaming_log;
COUNT(*) = 0
1
SELECT COUNT(*) = 12 FROM t1;
COUNT(*) = 12
1
#node-1
SELECT COUNT(*) = 0 FROM mysql.wsrep_streaming_log;
COUNT(*) = 0
1
DROP TABLE t1;
