#node-1
CREATE TABLE t1 (f1 INTEGER PRIMARY KEY AUTO_INCREMENT) ENGINE=InnoDB;
SET SESSION wsrep_trx_fragment_size = 1;
SET AUTOCOMMIT=OFF;
START TRANSACTION;
INSERT INTO t1 VALUES (1);
INSERT INTO t1 VALUES (2);
INSERT INTO t1 VALUES (3);
INSERT INTO t1 VALUES (4);
INSERT INTO t1 VALUES (5);
#node-2
INSERT INTO t1 VALUES (5);;
#node-1
COMMIT;
#node-2
ERROR 23000: Duplicate entry '5' for key 't1.PRIMARY'
SELECT COUNT(*) = 5 FROM t1;
COUNT(*) = 5
1
#node-1
SELECT COUNT(*) = 5 FROM t1;
COUNT(*) = 5
1
DROP TABLE t1;
