#node-1
CREATE TABLE t1 (f1 INTEGER PRIMARY KEY) ENGINE=InnoDB;
#node-2
SELECT COUNT(*) = 0 FROM t1;
COUNT(*) = 0
1
#node-1
CREATE TABLE t2 (f1 INTEGER);
#node-2
LOCK TABLE t2 WRITE;
#node-1
INSERT INTO t2 VALUES (1);
#node-2
SET SESSION wsrep_sync_wait = 0;
#node-1
SET SESSION wsrep_trx_fragment_size = 1;
SET AUTOCOMMIT=OFF;
START TRANSACTION;
INSERT INTO t1 VALUES (1);
INSERT INTO t1 VALUES (2);
INSERT INTO t1 VALUES (3);
INSERT INTO t1 VALUES (4);
INSERT INTO t1 VALUES (5);
#node-2
Killing server ...
#node-1
INSERT INTO t1 VALUES (6);
INSERT INTO t1 VALUES (7);
INSERT INTO t1 VALUES (8);
INSERT INTO t1 VALUES (9);
INSERT INTO t1 VALUES (10);
#node-2
# restart
#node-1
INSERT INTO t1 VALUES (11);
INSERT INTO t1 VALUES (12);
INSERT INTO t1 VALUES (13);
INSERT INTO t1 VALUES (14);
INSERT INTO t1 VALUES (15);
COMMIT;
SELECT COUNT(*) = 0 FROM mysql.wsrep_streaming_log;
COUNT(*) = 0
1
#node-2
SELECT COUNT(*) = 15 FROM t1;
COUNT(*) = 15
1
SELECT COUNT(*) = 0 FROM mysql.wsrep_streaming_log;
COUNT(*) = 0
1
#node-1
DROP TABLE t1;
DROP TABLE t2;
