#node-1
CREATE TABLE t1 (f1 INTEGER, f2 VARCHAR(10)) ENGINE=InnoDB;
CREATE TABLE t2 (f1 INTEGER);
SET SESSION wsrep_trx_fragment_size = 1;
SET AUTOCOMMIT=OFF;
START TRANSACTION;
INSERT INTO t1 VALUES (1, 'a');
#node-2
DROP TABLE t1;
#node-1
COMMIT;
ERROR 40001: Deadlock found when trying to get lock; try restarting transaction
#node-1a
INSERT INTO t1 VALUES (2);
ERROR 42S02: Table 'test.t1' doesn't exist
#node-1
SELECT COUNT(*) = 0 FROM mysql.wsrep_streaming_log;
COUNT(*) = 0
1
#node-2
SELECT COUNT(*) = 0 FROM mysql.wsrep_streaming_log;
COUNT(*) = 0
1
DROP TABLE t2;
