#node-1
CREATE TABLE t1 (f1 INTEGER PRIMARY KEY) ENGINE=InnoDB;
SET SESSION wsrep_trx_fragment_size=1;
#node-1
START TRANSACTION;
SAVEPOINT A;
INSERT INTO t1 VALUES (1);
ROLLBACK TO SAVEPOINT A;
COMMIT;
#node-1
SELECT COUNT(*) = 0 FROM t1;
COUNT(*) = 0
1
SELECT COUNT(*) = 0 FROM mysql.wsrep_streaming_log;
COUNT(*) = 0
1
#node-2
SELECT COUNT(*) = 0 FROM t1;
COUNT(*) = 0
1
SELECT COUNT(*) = 0 FROM mysql.wsrep_streaming_log;
COUNT(*) = 0
1
#node-1
SET AUTOCOMMIT=OFF;
SAVEPOINT A;
INSERT INTO t1 VALUES (2);
ROLLBACK TO SAVEPOINT A;
COMMIT;
#node-1
SELECT COUNT(*) = 0 FROM t1;
COUNT(*) = 0
1
SELECT COUNT(*) = 0 FROM mysql.wsrep_streaming_log;
COUNT(*) = 0
1
#node-2
SELECT COUNT(*) = 0 FROM t1;
COUNT(*) = 0
1
SELECT COUNT(*) = 0 FROM mysql.wsrep_streaming_log;
COUNT(*) = 0
1
DROP TABLE t1;
