#node-1
CREATE TABLE t1 (f1 INTEGER, f2 VARCHAR(10)) ENGINE=InnoDB;
SET AUTOCOMMIT=OFF;
SET SESSION wsrep_trx_fragment_size=1;
START TRANSACTION;
INSERT INTO t1 VALUES (1, 'a');
INSERT INTO t1 VALUES (2, 'a');
INSERT INTO t1 VALUES (3, 'a');
INSERT INTO t1 VALUES (4, 'a');
INSERT INTO t1 VALUES (5, 'a');
#node-2
SET SESSION TRANSACTION ISOLATION LEVEL READ UNCOMMITTED;
#node-1
SAVEPOINT s1;
INSERT INTO t1 VALUES (11, 'b');
INSERT INTO t1 VALUES (12, 'b');
INSERT INTO t1 VALUES (13, 'b');
INSERT INTO t1 VALUES (14, 'b');
INSERT INTO t1 VALUES (15, 'b');
#node-2
#node-1
ROLLBACK TO SAVEPOINT s1;
INSERT INTO t1 VALUES (21, 'c');
COMMIT;
#node-1
SELECT COUNT(*) = 6 FROM t1;
COUNT(*) = 6
1
#node-2
SELECT COUNT(*) = 6 FROM t1;
COUNT(*) = 6
1
DROP TABLE t1;
