CREATE TABLE t1 (f1 INTEGER) ENGINE=InnoDB;
CREATE TABLE t2 (f1 INTEGER) ENGINE=InnoDB;
CREATE TABLE t3 (f1 INTEGER) ENGINE=InnoDB;
CREATE TRIGGER tr1 BEFORE INSERT ON t1 FOR EACH ROW INSERT INTO t2 VALUES (NEW.f1);
CREATE TRIGGER tr2 BEFORE INSERT ON t1 FOR EACH ROW INSERT INTO t3 VALUES (NEW.f1);
INSERT INTO t1 VALUES (1);
SELECT f1 = 1 FROM t2;
f1 = 1
1
SELECT f1 = 1 FROM t3;
f1 = 1
1
SHOW TRIGGERS FROM test;
Trigger	Event	Table	Statement	Timing	Created	sql_mode	Definer	character_set_client	collation_connection	Database Collation
tr1	INSERT	t1	INSERT INTO t2 VALUES (NEW.f1)	BEFORE	2016-02-05 16:06:32.00	ONLY_FULL_GROUP_BY,STRICT_TRANS_TABLES,NO_AUTO_CREATE_USER,NO_ENGINE_SUBSTITUTION	root@localhost	latin1	latin1_swedish_ci	latin1_swedish_ci
tr2	INSERT	t1	INSERT INTO t3 VALUES (NEW.f1)	BEFORE	2016-02-05 16:06:32.00	ONLY_FULL_GROUP_BY,STRICT_TRANS_TABLES,NO_AUTO_CREATE_USER,NO_ENGINE_SUBSTITUTION	root@localhost	latin1	latin1_swedish_ci	latin1_swedish_ci
INSERT INTO t1 VALUES (2);
SELECT COUNT(*) = 2 FROM t2;
COUNT(*) = 2
1
SELECT COUNT(*) = 2 FROM t3;
COUNT(*) = 2
1
DROP TABLE t1,t2,t3;
