RESET MASTER;
RESET MASTER;
CREATE TABLE t1 (id INT PRIMARY KEY) ENGINE=InnoDB;
INSERT INTO t1 VALUES (1);
CREATE TABLE t2 (id INT) ENGINE=InnoDB;
INSERT INTO t2 VALUES (1);
INSERT INTO t2 VALUES (1);
SELECT COUNT(*) = 1 FROM t1;
COUNT(*) = 1
1
SELECT COUNT(*) = 2 FROM t2;
COUNT(*) = 2
1
ALTER TABLE t1 ADD COLUMN f2 INTEGER;
FLUSH LOGS;
SHOW BINLOG EVENTS IN 'mysqld-bin.000002' FROM 120;
Log_name	Pos	Event_type	Server_id	End_log_pos	Info
SELECT COUNT(*) = 2 FROM INFORMATION_SCHEMA.COLUMNS WHERE TABLE_NAME = 't1';
COUNT(*) = 2
1
SHOW BINLOG EVENTS IN 'mysqld-bin.000001' FROM 120;
Log_name	Pos	Event_type	Server_id	End_log_pos	Info
mysqld-bin.000001	120	Query	1	244	use `test`; CREATE TABLE t1 (id INT PRIMARY KEY) ENGINE=InnoDB
mysqld-bin.000001	244	Query	1	312	BEGIN
mysqld-bin.000001	312	Table_map	1	357	table_id: # (test.t1)
mysqld-bin.000001	357	Write_rows	1	397	table_id: # flags: STMT_END_F
mysqld-bin.000001	397	Xid	1	428	COMMIT /* xid=# */
mysqld-bin.000001	428	Query	1	540	use `test`; CREATE TABLE t2 (id INT) ENGINE=InnoDB
mysqld-bin.000001	540	Query	1	608	BEGIN
mysqld-bin.000001	608	Table_map	1	653	table_id: # (test.t2)
mysqld-bin.000001	653	Write_rows	1	693	table_id: # flags: STMT_END_F
mysqld-bin.000001	693	Xid	1	724	COMMIT /* xid=# */
mysqld-bin.000001	724	Query	1	792	BEGIN
mysqld-bin.000001	792	Table_map	1	837	table_id: # (test.t2)
mysqld-bin.000001	837	Write_rows	1	877	table_id: # flags: STMT_END_F
mysqld-bin.000001	877	Xid	1	908	COMMIT /* xid=# */
mysqld-bin.000001	908	Query	1	1018	use `test`; ALTER TABLE t1 ADD COLUMN f2 INTEGER
DROP TABLE t1;
DROP TABLE t2;
