CREATE TABLE t1 (f1 INTEGER PRIMARY KEY, f2 CHAR(1));
INSERT INTO t1 VALUES (1, 'a'), (2, 'a'), (3, 'a'), (4, 'a'), (5, 'a'),(6, 'a');
SHOW STATUS LIKE 'wsrep_ist_%';
Variable_name	Value
wsrep_ist_receive_status	
wsrep_ist_receive_seqno_start	0
wsrep_ist_receive_seqno_current	0
wsrep_ist_receive_seqno_end	0
SET SESSION wsrep_sync_wait=0;
SET SESSION wsrep_dirty_reads=ON;
SET GLOBAL wsrep_cluster_address='';
UPDATE t1 SET f2 = 'b' WHERE f1 > 1;
UPDATE t1 SET f2 = 'c' WHERE f1 > 2;
Loading wsrep_provider ...
SET SESSION wsrep_on=OFF;
SET SESSION wsrep_on=ON;
UPDATE t1 SET f2 = 'd' WHERE f1 > 3;
UPDATE t1 SET f2 = 'e' WHERE f1 > 4;
Performing --wsrep-recover ...
Starting server ...
Using --wsrep-start-position when starting mysqld ...
# restart: --wsrep-start-position=<WSREP_START_POSITION>
SHOW STATUS LIKE 'wsrep_ist_%';
Variable_name	Value
wsrep_ist_receive_status	
wsrep_ist_receive_seqno_start	0
wsrep_ist_receive_seqno_current	0
wsrep_ist_receive_seqno_end	0
UPDATE t1 SET f2 = 'f' WHERE f1 > 5;
SELECT * FROM t1;
f1	f2
1	a
2	b
3	c
4	d
5	e
6	f
SELECT * FROM t1;
f1	f2
1	a
2	b
3	c
4	d
5	e
6	f
DROP TABLE t1;
SET DEBUG_SYNC='RESET';
