CREATE TABLE t1 (f1 INTEGER PRIMARY KEY) ENGINE=InnoDB;
RESET MASTER;
RESET MASTER;
wsrep_last_applied_correct
1
SHOW BINLOG EVENTS FROM 125;
Log_name	Pos	Event_type	Server_id	End_log_pos	Info
mysqld-bin.000001	125	Previous_gtids	1	156	
RESET MASTER;
RESET MASTER;
wsrep_last_applied_correct
1
SELECT COUNT(*) = 1 FROM t1;
COUNT(*) = 1
1
SELECT COUNT(*) = 1 FROM t1;
COUNT(*) = 1
1
SHOW BINLOG EVENTS FROM 125;
Log_name	Pos	Event_type	Server_id	End_log_pos	Info
mysqld-bin.000001	125	Previous_gtids	1	156	
mysqld-bin.000001	156	Anonymous_Gtid	1	235	SET @@SESSION.GTID_NEXT= 'ANONYMOUS'
mysqld-bin.000001	235	Query	1	315	BEGIN
mysqld-bin.000001	315	Table_map	1	363	table_id: ### (test.t1)
mysqld-bin.000001	363	Write_rows	1	403	table_id: ### flags: STMT_END_F
mysqld-bin.000001	403	Xid	1	434	COMMIT /* xid=### */
SHOW BINLOG EVENTS FROM 125;
Log_name	Pos	Event_type	Server_id	End_log_pos	Info
mysqld-bin.000001	125	Previous_gtids	2	156	
mysqld-bin.000001	156	Anonymous_Gtid	1	235	SET @@SESSION.GTID_NEXT= 'ANONYMOUS'
mysqld-bin.000001	235	Query	1	310	BEGIN
mysqld-bin.000001	310	Table_map	1	358	table_id: ### (test.t1)
mysqld-bin.000001	358	Write_rows	1	398	table_id: ### flags: STMT_END_F
mysqld-bin.000001	398	Xid	1	429	COMMIT /* xid=### */
TRUNCATE TABLE t1;
RESET MASTER;
ERROR 23000: Duplicate entry '1' for key 't1.PRIMARY'
wsrep_last_applied_correct
1
SELECT COUNT(*) = 0 FROM t1;
COUNT(*) = 0
1
SHOW BINLOG EVENTS FROM 125;
Log_name	Pos	Event_type	Server_id	End_log_pos	Info
mysqld-bin.000001	125	Previous_gtids	1	156	
DROP TABLE t1;
