CREATE TABLE t1 (f1 INTEGER);
INSERT INTO t1 VALUES (1), (2), (3), (4), (5), (6), (7), (8), (9), (10);
Shutting down server ...
CREATE TABLE t2 (f1 INTEGER);
INSERT INTO t2 VALUES (1), (2), (3), (4), (5), (6), (7), (8), (9), (10);
SET GLOBAL wsrep_provider_options = 'dbug=d,process_state_req_ist';
Starting server ...
SELECT COUNT(*) = 10 FROM t1;
COUNT(*) = 10
1
SELECT COUNT(*) = 10 FROM t2;
COUNT(*) = 10
1
DROP TABLE t1;
DROP TABLE t2;
