#node-1
use test;
create tablespace ts1 add datafile 'ts1.ibd' engine=innodb;
create table t1 (i int) TABLESPACE ts1 engine=innodb;
create table t2 (i int) engine=innodb;
insert into t1 values (1), (2), (3);
insert into t2 values (3), (4), (5);
select name from information_schema.innodb_tablespaces where name='ts1';
name
ts1
select name from information_schema.innodb_tablespaces where name='ts2';
name
show create table t1;
Table	Create Table
t1	CREATE TABLE `t1` (
  `i` int DEFAULT NULL
) /*!50100 TABLESPACE `ts1` */ ENGINE=InnoDB DEFAULT CHARSET=utf8mb4 COLLATE=utf8mb4_0900_ai_ci
show create table t2;
Table	Create Table
t2	CREATE TABLE `t2` (
  `i` int DEFAULT NULL
) ENGINE=InnoDB DEFAULT CHARSET=utf8mb4 COLLATE=utf8mb4_0900_ai_ci
alter table t2 tablespace ts1;
show create table t1;
Table	Create Table
t1	CREATE TABLE `t1` (
  `i` int DEFAULT NULL
) /*!50100 TABLESPACE `ts1` */ ENGINE=InnoDB DEFAULT CHARSET=utf8mb4 COLLATE=utf8mb4_0900_ai_ci
show create table t2;
Table	Create Table
t2	CREATE TABLE `t2` (
  `i` int DEFAULT NULL
) /*!50100 TABLESPACE `ts1` */ ENGINE=InnoDB DEFAULT CHARSET=utf8mb4 COLLATE=utf8mb4_0900_ai_ci
#node-2
use test;
select name from information_schema.innodb_tablespaces where name='ts1';
name
ts1
show create table t1;
Table	Create Table
t1	CREATE TABLE `t1` (
  `i` int DEFAULT NULL
) /*!50100 TABLESPACE `ts1` */ ENGINE=InnoDB DEFAULT CHARSET=utf8mb4 COLLATE=utf8mb4_0900_ai_ci
show create table t2;
Table	Create Table
t2	CREATE TABLE `t2` (
  `i` int DEFAULT NULL
) /*!50100 TABLESPACE `ts1` */ ENGINE=InnoDB DEFAULT CHARSET=utf8mb4 COLLATE=utf8mb4_0900_ai_ci
select * from t1;
i
1
2
3
select * from t2;
i
3
4
5
alter table t2 tablespace ts1;
show create table t2;
Table	Create Table
t2	CREATE TABLE `t2` (
  `i` int DEFAULT NULL
) /*!50100 TABLESPACE `ts1` */ ENGINE=InnoDB DEFAULT CHARSET=utf8mb4 COLLATE=utf8mb4_0900_ai_ci
#node-1
use test;
show create table t2;
Table	Create Table
t2	CREATE TABLE `t2` (
  `i` int DEFAULT NULL
) /*!50100 TABLESPACE `ts1` */ ENGINE=InnoDB DEFAULT CHARSET=utf8mb4 COLLATE=utf8mb4_0900_ai_ci
drop table t1;
drop table t2;
drop tablespace ts1;
#node-2
#node-1
create tablespace ts1 add datafile 'ts1.ibd' engine=innodb;
create tablespace ts2 add datafile 'ts2.ibd' engine=innodb;
create table t1 (i int) TABLESPACE ts1 engine=innodb;
show create table t1;
Table	Create Table
t1	CREATE TABLE `t1` (
  `i` int DEFAULT NULL
) /*!50100 TABLESPACE `ts1` */ ENGINE=InnoDB DEFAULT CHARSET=utf8mb4 COLLATE=utf8mb4_0900_ai_ci
select name, space_type, state from information_schema.innodb_tablespaces where name LIKE 'ts%';
name	space_type	state
ts1	General	normal
ts2	General	normal
select name, path from information_schema.innodb_tablespaces_brief where name LIKE 'ts%';
NAME	PATH
ts1	ts1.ibd
ts2	ts2.ibd
#node-2
alter tablespace ts1 rename to ts10;
select name, space_type, state from information_schema.innodb_tablespaces where name LIKE 'ts%';
name	space_type	state
ts10	General	normal
ts2	General	normal
select name, path from information_schema.innodb_tablespaces_brief where name LIKE 'ts%';
NAME	PATH
ts10	ts1.ibd
ts2	ts2.ibd
show create table t1;
Table	Create Table
t1	CREATE TABLE `t1` (
  `i` int DEFAULT NULL
) /*!50100 TABLESPACE `ts10` */ ENGINE=InnoDB DEFAULT CHARSET=utf8mb4 COLLATE=utf8mb4_0900_ai_ci
drop tablespace ts2;
select name, space_type, state from information_schema.innodb_tablespaces where name LIKE 'ts%';
name	space_type	state
ts10	General	normal
#node-1
select name, space_type, state from information_schema.innodb_tablespaces where name LIKE 'ts%';
name	space_type	state
ts10	General	normal
select name, path from information_schema.innodb_tablespaces_brief where name LIKE 'ts%';
NAME	PATH
ts10	ts1.ibd
drop table t1;
drop tablespace ts10;
#node-1
CREATE UNDO TABLESPACE one_undo ADD DATAFILE 'one_undo.ibu';
SELECT NAME, SPACE_TYPE, STATE FROM INFORMATION_SCHEMA.INNODB_TABLESPACES WHERE SPACE_TYPE = 'Undo' ORDER BY NAME;
NAME	SPACE_TYPE	STATE
innodb_undo_001	Undo	active
innodb_undo_002	Undo	active
one_undo	Undo	active
SELECT count(*) = 1 FROM INFORMATION_SCHEMA.INNODB_TABLESPACES WHERE NAME = 'one_undo' AND STATE = 'empty';
count(*) = 1
0
#node-2
SELECT NAME, SPACE_TYPE, STATE FROM INFORMATION_SCHEMA.INNODB_TABLESPACES WHERE SPACE_TYPE = 'Undo' ORDER BY NAME;
NAME	SPACE_TYPE	STATE
innodb_undo_001	Undo	active
innodb_undo_002	Undo	active
one_undo	Undo	active
SELECT count(*) = 1 FROM INFORMATION_SCHEMA.INNODB_TABLESPACES WHERE NAME = 'one_undo' AND STATE = 'empty';
count(*) = 1
0
ALTER UNDO TABLESPACE one_undo SET INACTIVE;
SELECT NAME, SPACE_TYPE, STATE FROM INFORMATION_SCHEMA.INNODB_TABLESPACES WHERE SPACE_TYPE = 'Undo' ORDER BY NAME;
NAME	SPACE_TYPE	STATE
innodb_undo_001	Undo	active
innodb_undo_002	Undo	active
one_undo	Undo	inactive
SELECT SLEEP(5);
SLEEP(5)
0
SELECT count(*) = 1 FROM INFORMATION_SCHEMA.INNODB_TABLESPACES WHERE NAME = 'one_undo' AND STATE = 'empty';
count(*) = 1
1
DROP UNDO TABLESPACE one_undo;
SELECT NAME, SPACE_TYPE, STATE FROM INFORMATION_SCHEMA.INNODB_TABLESPACES WHERE SPACE_TYPE = 'Undo' ORDER BY NAME;
NAME	SPACE_TYPE	STATE
innodb_undo_001	Undo	active
innodb_undo_002	Undo	active
SELECT count(*) = 1 FROM INFORMATION_SCHEMA.INNODB_TABLESPACES WHERE NAME = 'one_undo' AND STATE = 'empty';
count(*) = 1
0
#node-1
SELECT NAME, SPACE_TYPE, STATE FROM INFORMATION_SCHEMA.INNODB_TABLESPACES WHERE SPACE_TYPE = 'Undo' ORDER BY NAME;
NAME	SPACE_TYPE	STATE
innodb_undo_001	Undo	active
innodb_undo_002	Undo	active
SELECT count(*) = 1 FROM INFORMATION_SCHEMA.INNODB_TABLESPACES WHERE NAME = 'one_undo' AND STATE = 'empty';
count(*) = 1
0
#node-1 (issue dml that would conflict with parallel ALTER TABLESPACE)
use test;
create tablespace tab ADD DATAFILE 'tab.ibd';
create table t1 (i int, primary key pk(i)) tablespace=tab;
insert into t1 values (1), (2), (3), (4);
select * from t1;
i
1
2
3
4
select name from information_schema.innodb_tablespaces where name='tab';
name
tab
set session wsrep_retry_autocommit=0;
SET GLOBAL wsrep_provider_options = 'dbug=d,before_replicate_sync';
update t1 set i = i + 10 where i = 2;;
#node-1a (issue ALTER TABLESPACE)
SET SESSION wsrep_on = 0;
SET SESSION wsrep_on = 1;
SET GLOBAL wsrep_provider_options = 'dbug=';
alter tablespace tab rename to tab_rename;;
#node-1b (wait for both to get blocked)
SET SESSION wsrep_sync_wait = 0;
SET GLOBAL wsrep_provider_options = 'signal=before_replicate_sync';
#node-1
ERROR 40001: Deadlock found when trying to get lock; try restarting transaction
select * from t1;
i
1
2
3
4
#node-1a
#node-1
drop table t1;
drop tablespace tab_rename;
