CREATE SCHEMA schema1;
CREATE SCHEMA schema2;
USE schema1;
CREATE TABLE real_table (f1 INTEGER) ENGINE=InnoDB;
CREATE TEMPORARY TABLE temp_table (f1 INTEGER) ENGINE=InnoDB;
SET SESSION wsrep_replicate_myisam=ON;
CREATE TABLE myisam_table (f1 INTEGER) ENGINE=MyISAM;
USE schema2;
CREATE TABLE real_table1 LIKE schema1.real_table;
CREATE TABLE real_table2 LIKE schema1.temp_table;
CREATE TABLE real_table3 LIKE schema1.myisam_table;
CREATE TEMPORARY TABLE temp_table1 LIKE schema1.real_table;
CREATE TEMPORARY TABLE temp_table2 LIKE schema1.temp_table;
CREATE TEMPORARY TABLE temp_table3 LIKE schema1.myisam_table;
SELECT COUNT(*) = 1 FROM INFORMATION_SCHEMA.TABLES WHERE TABLE_NAME = 'real_table' AND TABLE_SCHEMA = 'schema1';
COUNT(*) = 1
1
SELECT COUNT(*) = 1 FROM INFORMATION_SCHEMA.TABLES WHERE TABLE_NAME = 'myisam_table' AND TABLE_SCHEMA = 'schema1';
COUNT(*) = 1
1
SELECT COUNT(*) = 0 FROM INFORMATION_SCHEMA.TABLES WHERE TABLE_NAME = 'temp_table' AND TABLE_SCHEMA = 'schema1';
COUNT(*) = 0
1
SELECT COUNT(*) = 1 FROM INFORMATION_SCHEMA.TABLES WHERE TABLE_NAME = 'real_table1' AND TABLE_SCHEMA = 'schema2';
COUNT(*) = 1
1
SELECT COUNT(*) = 1 FROM INFORMATION_SCHEMA.TABLES WHERE TABLE_NAME = 'real_table2' AND TABLE_SCHEMA = 'schema2';
COUNT(*) = 1
1
SELECT COUNT(*) = 1 FROM INFORMATION_SCHEMA.TABLES WHERE TABLE_NAME = 'real_table3' AND TABLE_SCHEMA = 'schema2';
COUNT(*) = 1
1
SELECT COUNT(*) = 0 FROM INFORMATION_SCHEMA.TABLES WHERE TABLE_NAME = 'temp_table1' AND TABLE_SCHEMA = 'schema2';
COUNT(*) = 0
1
SELECT COUNT(*) = 0 FROM INFORMATION_SCHEMA.TABLES WHERE TABLE_NAME = 'temp_table2' AND TABLE_SCHEMA = 'schema2';
COUNT(*) = 0
1
SELECT COUNT(*) = 0 FROM INFORMATION_SCHEMA.TABLES WHERE TABLE_NAME = 'temp_table3' AND TABLE_SCHEMA = 'schema2';
COUNT(*) = 0
1
DROP TABLE schema1.real_table;
DROP TABLE schema1.myisam_table;
DROP TABLE schema2.real_table1;
DROP TABLE schema2.real_table2;
DROP TABLE schema2.real_table3;
DROP SCHEMA schema1;
DROP SCHEMA schema2;
#node-1
use test;
create table t1 (c1 int) engine=innodb;
create table t2 (c1 int) engine=innodb;
insert into t1 values (1);
insert into t2 values (2);
create temporary table t1 (c1 int) engine=innodb;
create temporary table tmp (c1 int) engine=innodb;
insert into tmp values (100);
create table ctas2 select * from tmp;
select * from ctas2;
c1
100
create table ctas1 select * from t1;
select count(*) = 0 from ctas1;
count(*) = 0
1
#node-2
call mtr.add_suppression("Slave SQL: Error \'Table \'test.tmp\' doesn\'t exist\' on query.*");
call mtr.add_suppression("Ignoring error 'Table 'test.tmp' doesn't exist'");
call mtr.add_suppression("Slave SQL: Error \'Unknown table \'test.ctas2\'\' on query.*");
call mtr.add_suppression("Ignoring error 'Unknown table 'test.ctas2''");
call mtr.add_suppression("Query apply failed.*");
use test;
select * from t1;
c1
1
select * from t2;
c1
2
select count(*) = 1 from ctas1;
count(*) = 1
1
select * from ctas2;
ERROR 42S02: Table 'test.ctas2' doesn't exist
#node-1
drop table t2, t1;
insert into t1 values (11);
drop table ctas1;
drop table ctas2;
#node-2
select * from t1;
c1
1
11
drop table t1;
#node-1
#node-1 (create empty seed tables used for as part of SELECT clause)
use test;
create table src_i (i int, primary key pk(i)) engine=innodb;
create table src_m (j int, primary key pk(j)) engine=myisam;
create table src_i2 (i int, primary key pk(i)) engine=innodb;
create table src_m2 (j int, primary key pk(j)) engine=myisam;
insert into src_i2 values (1), (2);
insert into src_m2 values (1), (2);
#node-2 (ensure seed tables are replicated to node-2)
#node-1 (Fire CTAS with wsrep_replicate_myisam = 1)
set wsrep_replicate_myisam = 1;
select @@wsrep_replicate_myisam;
@@wsrep_replicate_myisam
1
create table t1 engine=innodb as select * from src_i;
create table t2 engine=innodb as select * from src_m;
create table t3 engine=innodb as select 1;
create table t4 engine=innodb as select 1 from src_i;
create table t5 engine=innodb as select 1 from src_m;
create table t6 engine=myisam as select * from src_i;
create table t7 engine=myisam as select * from src_m;
create table t8 engine=myisam as select 1;
create table t9 engine=myisam as select 1 from src_i;
create table t10 engine=myisam as select 1 from src_m;
create table t11 engine=innodb as select * from src_i, src_m;
create table t12 engine=myisam as select * from src_i, src_m;
select * from t1;
i
select * from t2;
j
select * from t3;
1
1
select * from t4;
1
select * from t5;
1
select * from t6;
i
select * from t7;
j
select * from t8;
1
1
select * from t9;
1
select * from t10;
1
select * from t11;
i	j
select * from t12;
i	j
#node-2 (check if all the tables are replicate)
select * from t1;
i
select * from t2;
j
select * from t3;
1
1
select * from t4;
1
select * from t5;
1
select * from t6;
i
select * from t7;
j
select * from t8;
1
1
select * from t9;
1
select * from t10;
1
select * from t11;
i	j
select * from t12;
i	j
drop table t1, t2, t3, t4, t5, t6, t7, t8, t9, t10, t11, t12;
#node-1 (Fire CTAS with wsrep_replicate_myisam = 0)
set wsrep_replicate_myisam = 0;
select @@wsrep_replicate_myisam;
@@wsrep_replicate_myisam
0
create table t1 engine=innodb as select * from src_i;
create table t2 engine=innodb as select * from src_m;
create table t3 engine=innodb as select 1;
create table t4 engine=innodb as select 1 from src_i;
create table t5 engine=innodb as select 1 from src_m;
create table t6 engine=myisam as select * from src_i;
create table t7 engine=myisam as select * from src_m;
create table t8 engine=myisam as select 1;
create table t9 engine=myisam as select 1 from src_i;
create table t10 engine=myisam as select 1 from src_m;
create table t11 engine=innodb as select * from src_i, src_m;
create table t12 engine=myisam as select * from src_i, src_m;
select * from t1;
i
select * from t2;
j
select * from t3;
1
1
select * from t4;
1
select * from t5;
1
select * from t6;
i
select * from t7;
j
select * from t8;
1
1
select * from t9;
1
select * from t10;
1
select * from t11;
i	j
select * from t12;
i	j
#node-2 (check if all the tables are replicate)
select * from t1;
i
select * from t2;
j
select * from t3;
1
1
select * from t4;
1
select * from t5;
1
select * from t6;
i
select * from t7;
j
select * from t8;
1
1
select * from t9;
1
select * from t10;
1
select * from t11;
i	j
select * from t12;
i	j
drop table t1, t2, t3, t4, t5, t6, t7, t8, t9, t10, t11, t12;
#node-1 (Fire CTAS with wsrep_replicate_myisam = 1)
set wsrep_replicate_myisam = 1;
select @@wsrep_replicate_myisam;
@@wsrep_replicate_myisam
1
create table t1 engine=innodb as select * from src_i2;
create table t2 engine=innodb as select * from src_m2;
create table t3 engine=innodb as select 1;
create table t4 engine=innodb as select 1 from src_i2;
create table t5 engine=innodb as select 1 from src_m2;
create table t6 engine=myisam as select * from src_i2;
create table t7 engine=myisam as select * from src_m2;
create table t8 engine=myisam as select 1;
create table t9 engine=myisam as select 1 from src_i2;
create table t10 engine=myisam as select 1 from src_m2;
create table t11 engine=innodb as select * from src_i2, src_m2;
create table t12 engine=myisam as select * from src_i2, src_m2;
select * from t1;
i
1
2
select * from t2;
j
1
2
select * from t3;
1
1
select * from t4;
1
1
1
select * from t5;
1
1
1
select * from t6;
i
1
2
select * from t7;
j
1
2
select * from t8;
1
1
select * from t9;
1
1
1
select * from t10;
1
1
1
select * from t11;
i	j
2	1
1	1
2	2
1	2
select * from t12;
i	j
2	1
1	1
2	2
1	2
#node-2 (check if all the tables are replicate)
select * from t1;
i
1
2
select * from t2;
j
1
2
select * from t3;
1
1
select * from t4;
1
1
1
select * from t5;
1
1
1
select * from t6;
i
1
2
select * from t7;
j
1
2
select * from t8;
1
1
select * from t9;
1
1
1
select * from t10;
1
1
1
select * from t11;
i	j
2	1
1	1
2	2
1	2
select * from t12;
i	j
2	1
1	1
2	2
1	2
drop table t1, t2, t3, t4, t5, t6, t7, t8, t9, t10, t11, t12;
#node-1 (Fire CTAS with wsrep_replicate_myisam = 0)
set wsrep_replicate_myisam = 0;
select @@wsrep_replicate_myisam;
@@wsrep_replicate_myisam
0
create table t1 engine=innodb as select * from src_i2;
create table t2 engine=innodb as select * from src_m2;
create table t3 engine=innodb as select 1;
create table t4 engine=innodb as select 1 from src_i2;
create table t5 engine=innodb as select 1 from src_m2;
create table t6 engine=myisam as select * from src_i2;
create table t7 engine=myisam as select * from src_m2;
create table t8 engine=myisam as select 1;
create table t9 engine=myisam as select 1 from src_i2;
create table t10 engine=myisam as select 1 from src_m2;
create table t11 engine=innodb as select * from src_i2, src_m2;
create table t12 engine=myisam as select * from src_i2, src_m2;
select * from t1;
i
1
2
select * from t2;
j
1
2
select * from t3;
1
1
select * from t4;
1
1
1
select * from t5;
1
1
1
select * from t6;
i
1
2
select * from t7;
j
1
2
select * from t8;
1
1
select * from t9;
1
1
1
select * from t10;
1
1
1
select * from t11;
i	j
2	1
1	1
2	2
1	2
select * from t12;
i	j
2	1
1	1
2	2
1	2
#node-2 (check if all the tables are replicate)
select * from t1;
i
1
2
select * from t2;
j
1
2
select * from t3;
1
1
select * from t4;
1
1
1
select * from t5;
1
1
1
select * from t6;
i
1
2
select * from t7;
j
1
2
select * from t8;
1
1
select * from t9;
1
1
1
select * from t10;
1
1
1
select * from t11;
i	j
2	1
1	1
2	2
1	2
select * from t12;
i	j
2	1
1	1
2	2
1	2
drop table t1, t2, t3, t4, t5, t6, t7, t8, t9, t10, t11, t12;
#node-1 (Fire CREATE TABLE LIKE with wsrep_replicate_myisam = 1)
create table tctl1 like src_i;
create table tctl2 like src_m;
set default_storage_engine = 'MyISAM';
create table tctl3 like src_i;
create table tctl4 like src_m;
set default_storage_engine = 'InnoDB';
select * from tctl1;
i
select * from tctl2;
j
select * from tctl3;
i
select * from tctl4;
j
#node-2 (check if all the tables are replicate)
select * from tctl1;
i
select * from tctl2;
j
select * from tctl3;
i
select * from tctl4;
j
drop table tctl1, tctl2, tctl3, tctl4;
#node-1 (Fire CREATE TABLE LIKE with wsrep_replicate_myisam = 0)
set wsrep_replicate_myisam = 0;
select @@wsrep_replicate_myisam;
@@wsrep_replicate_myisam
0
create table tctl1 like src_i;
create table tctl2 like src_m;
set default_storage_engine = 'MyISAM';
create table tctl3 like src_i;
create table tctl4 like src_m;
set default_storage_engine = 'InnoDB';
select * from tctl1;
i
select * from tctl2;
j
select * from tctl3;
i
select * from tctl4;
j
#node-2 (check if all the tables are replicate)
select * from tctl1;
i
select * from tctl2;
j
select * from tctl3;
i
select * from tctl4;
j
drop table tctl1, tctl2, tctl3, tctl4;
#node-1 (Fire CREATE TABLE LIKE with wsrep_replicate_myisam = 1)
create table tctl1 like src_i2;
create table tctl2 like src_m2;
set default_storage_engine = 'MyISAM';
create table tctl3 like src_i2;
create table tctl4 like src_m2;
set default_storage_engine = 'InnoDB';
select * from tctl1;
i
select * from tctl2;
j
select * from tctl3;
i
select * from tctl4;
j
#node-2 (check if all the tables are replicate)
select * from tctl1;
i
select * from tctl2;
j
select * from tctl3;
i
select * from tctl4;
j
drop table tctl1, tctl2, tctl3, tctl4;
#node-1 (Fire CREATE TABLE LIKE with wsrep_replicate_myisam = 0)
set wsrep_replicate_myisam = 0;
select @@wsrep_replicate_myisam;
@@wsrep_replicate_myisam
0
create table tctl1 like src_i2;
create table tctl2 like src_m2;
set default_storage_engine = 'MyISAM';
create table tctl3 like src_i2;
create table tctl4 like src_m2;
set default_storage_engine = 'InnoDB';
select * from tctl1;
i
select * from tctl2;
j
select * from tctl3;
i
select * from tctl4;
j
#node-2 (check if all the tables are replicate)
select * from tctl1;
i
select * from tctl2;
j
select * from tctl3;
i
select * from tctl4;
j
drop table tctl1, tctl2, tctl3, tctl4;
#node-1 (restore original setting)
drop table src_i, src_m, src_i2, src_m2;
set @@default_storage_engine = InnoDB;;
set wsrep_replicate_myisam = 1;;
