CREATE TABLE t1 (f1 INTEGER) ENGINE=InnoDB;
SET SESSION sql_log_bin = 0;
CREATE TABLE t2 (f1 INTEGER) ENGINE=InnoDB;
INSERT INTO t1 VALUES (1);
CREATE USER 'demo'@'localhost' IDENTIFIED BY 's3kr3t';
SET SESSION sql_log_bin = 1;
INSERT INTO t1 VALUES (2);
SELECT @@global.gtid_executed;
@@global.gtid_executed

SELECT COUNT(*) = 2 FROM t1;
COUNT(*) = 2
1
SELECT COUNT(*) = 1 FROM t1 WHERE f1 = 1;
COUNT(*) = 1
1
SHOW TABLES;
Tables_in_test
t1
t2
DROP USER 'demo'@'localhost';
DROP TABLE t1;
DROP TABLE t2;
USE test;
CREATE TABLE t (i INT, PRIMARY KEY pk(i)) ENGINE=InnoDB;
INSERT INTO t VALUES (1);
SET sql_log_bin=0;
ALTER TABLE t ADD COLUMN j int;
OPTIMIZE TABLE t;
Table	Op	Msg_type	Msg_text
test.t	optimize	note	Table does not support optimize, doing recreate + analyze instead
test.t	optimize	status	OK
ANALYZE TABLE t;
Table	Op	Msg_type	Msg_text
test.t	analyze	status	OK
REPAIR TABLE t;
Table	Op	Msg_type	Msg_text
test.t	repair	note	The storage engine for the table doesn't support repair
SET sql_log_bin=1;
SET sql_log_bin=0;
INSERT INTO t VALUES (2, 2);
SET sql_log_bin=1;
SELECT * FROM t;
i	j
1	NULL
2	2
USE test;
SELECT * FROM t;
i	j
1	NULL
2	2
DROP TABLE t;
