RESET MASTER;
SET SESSION wsrep_on=OFF;
RESET MASTER;
SET SESSION wsrep_on=ON;
SET SESSION wsrep_on=OFF;
RESET MASTER;
SET SESSION wsrep_on=ON;
START SLAVE USER='root';
Warnings:
Note	1759	Sending passwords in plain text without SSL/TLS is extremely insecure.
CREATE SCHEMA test1;
CREATE SCHEMA test2;
USE test1;
CREATE TABLE t1 (f1 INTEGER PRIMARY KEY,f2 CHAR(5) DEFAULT 'abc') ENGINE=InnoDB;
USE test2;
CREATE TABLE t1 (f1 INTEGER PRIMARY KEY,f2 CHAR(5) DEFAULT 'abc') ENGINE=InnoDB;
INSERT INTO test1.t1 (f1) VALUES (1);
INSERT INTO test2.t1 (f1) VALUES (1);
INSERT INTO test1.t1 (f1) VALUES (2);
INSERT INTO test2.t1 (f1) VALUES (2);
INSERT INTO test1.t1 (f1) VALUES (3);
INSERT INTO test2.t1 (f1) VALUES (3);
UPDATE test2.t1 SET test2.t1.f2 = 'cde';
UPDATE test1.t1, test2.t1 SET test1.t1.f2 = 'klm', test2.t1.f2 = 'xyz';
DELETE test1.t1, test2.t1 FROM test1.t1 INNER JOIN test2.t1 WHERE test1.t1.f1 = test2.t1.f1 AND test1.t1.f1 = 3;
SET AUTOCOMMIT=OFF;
START TRANSACTION;
INSERT INTO test2.t1 (f1) VALUES (999);
INSERT INTO test2.t1 (f1) VALUES (9999);
COMMIT;
START TRANSACTION;
INSERT INTO test1.t1 (f1) VALUES (111);
INSERT INTO test1.t1 (f1) VALUES (222);
COMMIT;
START TRANSACTION;
INSERT INTO test1.t1 (f1) VALUES (333);
INSERT INTO test2.t1 (f1) VALUES (99999);
COMMIT;
SHOW BINLOG EVENTS IN 'mysqld-bin.000001' FROM 125;
Log_name	Pos	Event_type	Server_id	End_log_pos	Info
mysqld-bin.000001	125	Previous_gtids	2	156	
mysqld-bin.000001	156	Gtid	1	240	SET @@SESSION.GTID_NEXT= '<effective_uuid>:1'
mysqld-bin.000001	240	Query	1	349	CREATE SCHEMA test1 /* xid=### */
mysqld-bin.000001	349	Gtid	1	433	SET @@SESSION.GTID_NEXT= '<effective_uuid>:2'
mysqld-bin.000001	433	Query	1	509	BEGIN
mysqld-bin.000001	509	Query	1	586	COMMIT
mysqld-bin.000001	586	Gtid	1	672	SET @@SESSION.GTID_NEXT= '<effective_uuid>:3'
mysqld-bin.000001	672	Query	1	841	use `test1`; CREATE TABLE t1 (f1 INTEGER PRIMARY KEY,f2 CHAR(5) DEFAULT 'abc') ENGINE=InnoDB /* xid=### */
mysqld-bin.000001	841	Gtid	1	925	SET @@SESSION.GTID_NEXT= '<effective_uuid>:4'
mysqld-bin.000001	925	Query	1	1001	BEGIN
mysqld-bin.000001	1001	Query	1	1078	COMMIT
mysqld-bin.000001	1078	Gtid	1	1164	SET @@SESSION.GTID_NEXT= '<effective_uuid>:5'
mysqld-bin.000001	1164	Query	1	1235	BEGIN
mysqld-bin.000001	1235	Table_map	1	1292	table_id: ### (test1.t1)
mysqld-bin.000001	1292	Write_rows	1	1336	table_id: ### flags: STMT_END_F
mysqld-bin.000001	1336	Xid	1	1367	COMMIT /* xid=### */
mysqld-bin.000001	1367	Gtid	1	1451	SET @@SESSION.GTID_NEXT= '<effective_uuid>:6'
mysqld-bin.000001	1451	Query	1	1517	BEGIN
mysqld-bin.000001	1517	Query	1	1584	COMMIT
mysqld-bin.000001	1584	Gtid	1	1670	SET @@SESSION.GTID_NEXT= '<effective_uuid>:7'
mysqld-bin.000001	1670	Query	1	1741	BEGIN
mysqld-bin.000001	1741	Table_map	1	1798	table_id: ### (test1.t1)
mysqld-bin.000001	1798	Write_rows	1	1842	table_id: ### flags: STMT_END_F
mysqld-bin.000001	1842	Xid	1	1873	COMMIT /* xid=### */
mysqld-bin.000001	1873	Gtid	1	1957	SET @@SESSION.GTID_NEXT= '<effective_uuid>:8'
mysqld-bin.000001	1957	Query	1	2023	BEGIN
mysqld-bin.000001	2023	Query	1	2090	COMMIT
mysqld-bin.000001	2090	Gtid	1	2176	SET @@SESSION.GTID_NEXT= '<effective_uuid>:9'
mysqld-bin.000001	2176	Query	1	2247	BEGIN
mysqld-bin.000001	2247	Table_map	1	2304	table_id: ### (test1.t1)
mysqld-bin.000001	2304	Write_rows	1	2348	table_id: ### flags: STMT_END_F
mysqld-bin.000001	2348	Xid	1	2379	COMMIT /* xid=### */
mysqld-bin.000001	2379	Gtid	1	2463	SET @@SESSION.GTID_NEXT= '<effective_uuid>:10'
mysqld-bin.000001	2463	Query	1	2529	BEGIN
mysqld-bin.000001	2529	Query	1	2596	COMMIT
mysqld-bin.000001	2596	Gtid	1	2680	SET @@SESSION.GTID_NEXT= '<effective_uuid>:11'
mysqld-bin.000001	2680	Query	1	2746	BEGIN
mysqld-bin.000001	2746	Query	1	2813	COMMIT
mysqld-bin.000001	2813	Gtid	1	2899	SET @@SESSION.GTID_NEXT= '<effective_uuid>:12'
mysqld-bin.000001	2899	Query	1	2970	BEGIN
mysqld-bin.000001	2970	Table_map	1	3027	table_id: ### (test1.t1)
mysqld-bin.000001	3027	Update_rows	1	3117	table_id: ### flags: STMT_END_F
mysqld-bin.000001	3117	Xid	1	3148	COMMIT /* xid=### */
mysqld-bin.000001	3148	Gtid	1	3234	SET @@SESSION.GTID_NEXT= '<effective_uuid>:13'
mysqld-bin.000001	3234	Query	1	3305	BEGIN
mysqld-bin.000001	3305	Table_map	1	3362	table_id: ### (test1.t1)
mysqld-bin.000001	3362	Delete_rows	1	3406	table_id: ### flags: STMT_END_F
mysqld-bin.000001	3406	Xid	1	3437	COMMIT /* xid=### */
mysqld-bin.000001	3437	Gtid	1	3521	SET @@SESSION.GTID_NEXT= '<effective_uuid>:14'
mysqld-bin.000001	3521	Query	1	3587	BEGIN
mysqld-bin.000001	3587	Query	1	3654	COMMIT
mysqld-bin.000001	3654	Gtid	1	3740	SET @@SESSION.GTID_NEXT= '<effective_uuid>:15'
mysqld-bin.000001	3740	Query	1	3811	BEGIN
mysqld-bin.000001	3811	Table_map	1	3868	table_id: ### (test1.t1)
mysqld-bin.000001	3868	Write_rows	1	3912	table_id: ### flags: STMT_END_F
mysqld-bin.000001	3912	Table_map	1	3969	table_id: ### (test1.t1)
mysqld-bin.000001	3969	Write_rows	1	4013	table_id: ### flags: STMT_END_F
mysqld-bin.000001	4013	Xid	1	4044	COMMIT /* xid=### */
mysqld-bin.000001	4044	Gtid	1	4130	SET @@SESSION.GTID_NEXT= '<effective_uuid>:16'
mysqld-bin.000001	4130	Query	1	4201	BEGIN
mysqld-bin.000001	4201	Table_map	1	4258	table_id: ### (test1.t1)
mysqld-bin.000001	4258	Write_rows	1	4302	table_id: ### flags: STMT_END_F
mysqld-bin.000001	4302	Xid	1	4333	COMMIT /* xid=### */
gtid_executed_equal
1
SHOW BINLOG EVENTS IN 'mysqld-bin.000001' FROM 125;
Log_name	Pos	Event_type	Server_id	End_log_pos	Info
mysqld-bin.000001	125	Previous_gtids	3	156	
mysqld-bin.000001	156	Gtid	1	240	SET @@SESSION.GTID_NEXT= '<effective_uuid>:1'
mysqld-bin.000001	240	Query	1	349	CREATE SCHEMA test1 /* xid=### */
mysqld-bin.000001	349	Gtid	1	433	SET @@SESSION.GTID_NEXT= '<effective_uuid>:2'
mysqld-bin.000001	433	Query	1	509	BEGIN
mysqld-bin.000001	509	Query	1	586	COMMIT
mysqld-bin.000001	586	Gtid	1	672	SET @@SESSION.GTID_NEXT= '<effective_uuid>:3'
mysqld-bin.000001	672	Query	1	841	use `test1`; CREATE TABLE t1 (f1 INTEGER PRIMARY KEY,f2 CHAR(5) DEFAULT 'abc') ENGINE=InnoDB /* xid=### */
mysqld-bin.000001	841	Gtid	1	925	SET @@SESSION.GTID_NEXT= '<effective_uuid>:4'
mysqld-bin.000001	925	Query	1	1001	BEGIN
mysqld-bin.000001	1001	Query	1	1078	COMMIT
mysqld-bin.000001	1078	Gtid	1	1164	SET @@SESSION.GTID_NEXT= '<effective_uuid>:5'
mysqld-bin.000001	1164	Query	1	1235	BEGIN
mysqld-bin.000001	1235	Table_map	1	1292	table_id: ### (test1.t1)
mysqld-bin.000001	1292	Write_rows	1	1336	table_id: ### flags: STMT_END_F
mysqld-bin.000001	1336	Xid	1	1367	COMMIT /* xid=### */
mysqld-bin.000001	1367	Gtid	1	1451	SET @@SESSION.GTID_NEXT= '<effective_uuid>:6'
mysqld-bin.000001	1451	Query	1	1517	BEGIN
mysqld-bin.000001	1517	Query	1	1584	COMMIT
mysqld-bin.000001	1584	Gtid	1	1670	SET @@SESSION.GTID_NEXT= '<effective_uuid>:7'
mysqld-bin.000001	1670	Query	1	1741	BEGIN
mysqld-bin.000001	1741	Table_map	1	1798	table_id: ### (test1.t1)
mysqld-bin.000001	1798	Write_rows	1	1842	table_id: ### flags: STMT_END_F
mysqld-bin.000001	1842	Xid	1	1873	COMMIT /* xid=### */
mysqld-bin.000001	1873	Gtid	1	1957	SET @@SESSION.GTID_NEXT= '<effective_uuid>:8'
mysqld-bin.000001	1957	Query	1	2023	BEGIN
mysqld-bin.000001	2023	Query	1	2090	COMMIT
mysqld-bin.000001	2090	Gtid	1	2176	SET @@SESSION.GTID_NEXT= '<effective_uuid>:9'
mysqld-bin.000001	2176	Query	1	2247	BEGIN
mysqld-bin.000001	2247	Table_map	1	2304	table_id: ### (test1.t1)
mysqld-bin.000001	2304	Write_rows	1	2348	table_id: ### flags: STMT_END_F
mysqld-bin.000001	2348	Xid	1	2379	COMMIT /* xid=### */
mysqld-bin.000001	2379	Gtid	1	2463	SET @@SESSION.GTID_NEXT= '<effective_uuid>:10'
mysqld-bin.000001	2463	Query	1	2529	BEGIN
mysqld-bin.000001	2529	Query	1	2596	COMMIT
mysqld-bin.000001	2596	Gtid	1	2680	SET @@SESSION.GTID_NEXT= '<effective_uuid>:11'
mysqld-bin.000001	2680	Query	1	2746	BEGIN
mysqld-bin.000001	2746	Query	1	2813	COMMIT
mysqld-bin.000001	2813	Gtid	1	2899	SET @@SESSION.GTID_NEXT= '<effective_uuid>:12'
mysqld-bin.000001	2899	Query	1	2970	BEGIN
mysqld-bin.000001	2970	Table_map	1	3027	table_id: ### (test1.t1)
mysqld-bin.000001	3027	Update_rows	1	3117	table_id: ### flags: STMT_END_F
mysqld-bin.000001	3117	Xid	1	3148	COMMIT /* xid=### */
mysqld-bin.000001	3148	Gtid	1	3234	SET @@SESSION.GTID_NEXT= '<effective_uuid>:13'
mysqld-bin.000001	3234	Query	1	3305	BEGIN
mysqld-bin.000001	3305	Table_map	1	3362	table_id: ### (test1.t1)
mysqld-bin.000001	3362	Delete_rows	1	3406	table_id: ### flags: STMT_END_F
mysqld-bin.000001	3406	Xid	1	3437	COMMIT /* xid=### */
mysqld-bin.000001	3437	Gtid	1	3521	SET @@SESSION.GTID_NEXT= '<effective_uuid>:14'
mysqld-bin.000001	3521	Query	1	3587	BEGIN
mysqld-bin.000001	3587	Query	1	3654	COMMIT
mysqld-bin.000001	3654	Gtid	1	3740	SET @@SESSION.GTID_NEXT= '<effective_uuid>:15'
mysqld-bin.000001	3740	Query	1	3811	BEGIN
mysqld-bin.000001	3811	Table_map	1	3868	table_id: ### (test1.t1)
mysqld-bin.000001	3868	Write_rows	1	3912	table_id: ### flags: STMT_END_F
mysqld-bin.000001	3912	Table_map	1	3969	table_id: ### (test1.t1)
mysqld-bin.000001	3969	Write_rows	1	4013	table_id: ### flags: STMT_END_F
mysqld-bin.000001	4013	Xid	1	4044	COMMIT /* xid=### */
mysqld-bin.000001	4044	Gtid	1	4130	SET @@SESSION.GTID_NEXT= '<effective_uuid>:16'
mysqld-bin.000001	4130	Query	1	4201	BEGIN
mysqld-bin.000001	4201	Table_map	1	4258	table_id: ### (test1.t1)
mysqld-bin.000001	4258	Write_rows	1	4302	table_id: ### flags: STMT_END_F
mysqld-bin.000001	4302	Xid	1	4333	COMMIT /* xid=### */
include/diff_servers.inc [servers=2 3]
SELECT COUNT(*) = 2 FROM test1.t1 WHERE f1 IN (1,2);
COUNT(*) = 2
1
SELECT COUNT(*) = 3 FROM test1.t1 WHERE f1 IN (111,222,333);
COUNT(*) = 3
1
SELECT COUNT(*) = 2 FROM test1.t1 WHERE f2 = 'klm';
COUNT(*) = 2
1
USE test2;
ERROR 42000: Unknown database 'test2'
DROP SCHEMA test1;
DROP SCHEMA test2;
STOP SLAVE;
RESET SLAVE ALL;
