CREATE TABLESPACE ts1 ADD DATAFILE 'ts1.ibd' Engine=InnoDB;
CREATE TABLE t1 (f1 INT PRIMARY KEY) TABLESPACE ts1;
SHOW CREATE TABLE t1;
Table	Create Table
t1	CREATE TABLE `t1` (
  `f1` int(11) NOT NULL,
  PRIMARY KEY (`f1`)
) /*!50100 TABLESPACE `ts1` */ ENGINE=InnoDB DEFAULT CHARSET=utf8mb4 COLLATE=utf8mb4_0900_ai_ci
SELECT COUNT(*) = 1 FROM INFORMATION_SCHEMA.INNODB_TABLESPACES WHERE NAME = 'ts1';
COUNT(*) = 1
1
INSERT INTO t1 VALUES (1);
DROP TABLE t1;
DROP TABLESPACE ts1;
SELECT COUNT(*) = 0 FROM INFORMATION_SCHEMA.INNODB_TABLESPACES WHERE NAME = 'ts1';
COUNT(*) = 0
1
