CREATE USER user1, user2 IDENTIFIED BY 'password';
SELECT COUNT(*) = 2 FROM mysql.user WHERE user IN ('user1', 'user2');
COUNT(*) = 2
1
SELECT STRCMP(authentication_string, "password") <> 0 FROM mysql.user where user = 'user2';
STRCMP(authentication_string, "password") <> 0
1
ALTER USER user1 PASSWORD EXPIRE;
SELECT password_expired = 'Y' FROM mysql.user WHERE user = 'user1';
password_expired = 'Y'
1
SELECT password_expired = 'Y' FROM mysql.user WHERE user = 'user1';
password_expired = 'Y'
1
CREATE USER user10 IDENTIFIED BY 'old_password';
ALTER USER 'user10' IDENTIFIED BY 'new_password';
SELECT 1 FROM DUAL;
1
1
DROP USER user10;
RENAME USER user2 TO user3;
SELECT COUNT(*) = 0 FROM mysql.user WHERE user = 'user2';
COUNT(*) = 0
1
SELECT COUNT(*) = 1 FROM mysql.user WHERE user = 'user3';
COUNT(*) = 1
1
SET PASSWORD FOR user3 = PASSWORD('foo');
Warnings:
Warning	1287	'SET PASSWORD FOR <user> = PASSWORD('<plaintext_password>')' is deprecated and will be removed in a future release. Please use SET PASSWORD FOR <user> = '<plaintext_password>' instead
SELECT 1 FROM DUAL;
1
1
SELECT STRCMP(authentication_string, "foo") <> 0 FROM mysql.user where user = 'user3';
STRCMP(authentication_string, "foo") <> 0
1
DROP USER user1, user3;
SELECT COUNT(*) = 0 FROM mysql.user WHERE user IN ('user1', 'user2');
COUNT(*) = 0
1
GRANT ALL ON *.* TO user4 IDENTIFIED BY 'password';
Warnings:
Warning	1287	Using GRANT for creating new user is deprecated and will be removed in future release. Create new user with CREATE USER statement.
SELECT COUNT(*) = 1 FROM mysql.user WHERE user = 'user4';
COUNT(*) = 1
1
SELECT Select_priv = 'Y' FROM mysql.user WHERE user = 'user4';
Select_priv = 'Y'
1
CREATE USER user5;
GRANT PROXY ON user4 TO user5;
SELECT COUNT(*) = 1 FROM mysql.proxies_priv WHERE user = 'user5';
COUNT(*) = 1
1
REVOKE ALL PRIVILEGES ON *.* FROM user4;
SELECT Select_priv = 'N' FROM mysql.user WHERE user = 'user4';
Select_priv = 'N'
1
REVOKE PROXY ON user4 FROM user5;
SELECT COUNT(*) = 0 FROM mysql.proxies_priv WHERE user = 'user5';
COUNT(*) = 0
1
DROP USER user4, user5;
