SELECT 1;
1
1
Killing server ...
CREATE TABLE e1 (
id INT NOT NULL AUTO_INCREMENT,
text VARCHAR(10) DEFAULT NULL,
PRIMARY KEY (id)
) ENCRYPTION='Y';
INSERT INTO e1(text) VALUES('aaaaa');
INSERT INTO e1(text) VALUES('bbbbb');
Restarting node 2 ...
# restart
select * from e1;
id	text
1	aaaaa
2	bbbbb
#shutting down node-2
#node-1
INSERT INTO e1(text) VALUES('aaaaa2');
INSERT INTO e1(text) VALUES('bbbbb2');
#restarting node-2
# restart
select * from e1;
id	text
1	aaaaa
2	bbbbb
3	aaaaa2
4	bbbbb2
#node-1
drop table e1;
