TRUNCATE TABLE mysql.general_log;
TRUNCATE TABLE mysql.slow_log;
TRUNCATE TABLE mysql.general_log;
TRUNCATE TABLE mysql.slow_log;
CREATE TABLE t1 (f1 INTEGER PRIMARY KEY, f2 INTEGER DEFAULT 0) ENGINE=InnoDB;
INSERT INTO t1 VALUES (1, DEFAULT);
SELECT COUNT(*) > 0 FROM mysql.general_log;
COUNT(*) > 0
1
TRUNCATE mysql.slow_log;
SELECT COUNT(*) = 0 FROM t1 WHERE f2 = 1;
COUNT(*) = 0
1
SELECT COUNT(*) = 1 FROM mysql.slow_log WHERE sql_text = 'SELECT COUNT(*) = 0 FROM t1 WHERE f2 = 1';
COUNT(*) = 1
1
SELECT COUNT(*) = 0 FROM mysql.general_log WHERE argument = 'CREATE TABLE t1 (f1 INTEGER PRIMARY KEY, f2 INTEGER DEFAULT 0) ENGINE=InnoDB';
COUNT(*) = 0
1
TRUNCATE mysql.slow_log;
SELECT COUNT(*) = 0 FROM t1 WHERE f2 = 2;
COUNT(*) = 0
1
SELECT COUNT(*) = 1 FROM mysql.slow_log WHERE sql_text = 'SELECT COUNT(*) = 0 FROM t1 WHERE f2 = 2';
COUNT(*) = 1
1
DROP TABLE t1;
