#node-1
CREATE TABLE t1 (f1 INTEGER) ENGINE=InnoDB;
INSERT INTO t1 VALUES (1);
#node-2
#node-2a
begin;
insert into t1 values (101);
select * from t1;
f1
1
101
commit;
#node-2
call mtr.add_suppression('Cannot modify wsrep_provider inside a transaction');
BEGIN;
INSERT INTO t1 VALUES (100);
SET GLOBAL wsrep_provider='none';
ERROR 42000: Variable 'wsrep_provider' can't be set to the value of 'none'
COMMIT;
SET GLOBAL wsrep_provider='none';
INSERT INTO t1 VALUES (2);
#node-1
INSERT INTO t1 VALUES (3);
#node-2a
select * from t1;
ERROR HY000: Lost connection to MySQL server during query
#node-2
INSERT INTO t1 VALUES (4);
SELECT COUNT(*) = 6 FROM t1;
COUNT(*) = 6
1
#node-1
SELECT COUNT(*) = 5 FROM t1;
COUNT(*) = 5
1
DROP TABLE t1;
#node-2
call mtr.add_suppression("gcs_caused\\(\\) returned -103 \\(Software caused connection abort\\)");
show status like 'wsrep_cluster_size';
Variable_name	Value
wsrep_cluster_size	2
SET GLOBAL wsrep_provider='none';
show status like 'wsrep_cluster_size';
Variable_name	Value
wsrep_cluster_size	0
show status like 'wsrep_cluster_size';
ERROR HY000: Lock wait timeout exceeded; try restarting transaction
show status like 'wsrep_cluster_size';
Variable_name	Value
wsrep_cluster_size	2
