CREATE TABLE t1 (id INT PRIMARY KEY, f2 INTEGER) ENGINE=InnoDB;
SET AUTOCOMMIT=OFF;
SET SESSION TRANSACTION ISOLATION LEVEL SERIALIZABLE;
START TRANSACTION;
SELECT * FROM t1;
id	f2
INSERT INTO t1 VALUES (1,1);
SELECT * FROM t1;
Got one of the listed errors
ROLLBACK;
DELETE FROM t1;
INSERT INTO t1 VALUES (1,1);
START TRANSACTION;
SELECT * FROM t1;
id	f2
1	1
UPDATE t1 SET f2 = 2;
UPDATE t1 SET f2 = 3;
Got one of the listed errors
ROLLBACK;
DELETE FROM t1;
START TRANSACTION;
INSERT INTO t1 VALUES (1,1);
INSERT INTO t1 VALUES (1,2);
COMMIT;
Got one of the listed errors
DROP TABLE t1;
