START SLAVE USER='root';
Warnings:
Note	1759	Sending passwords in plain text without SSL/TLS is extremely insecure.
CREATE TABLE t1 (f1 INTEGER PRIMARY KEY) ENGINE=InnoDB;
INSERT INTO t1 VALUES(1);
SELECT LENGTH(@@global.gtid_executed) > 1;
LENGTH(@@global.gtid_executed) > 1
1
SHOW BINARY LOGS;
Log_name	File_size	Encrypted
mysqld-bin.000001	648	No
SHOW BINLOG EVENTS IN 'mysqld-bin.000001' FROM 125;
Log_name	Pos	Event_type	Server_id	End_log_pos	Info
mysqld-bin.000001	125	Previous_gtids	1	156	
mysqld-bin.000001	156	Gtid	1	233	SET @@SESSION.GTID_NEXT= '<effective_uuid>:1'
mysqld-bin.000001	233	Query	1	375	use `test`; CREATE TABLE t1 (f1 INTEGER PRIMARY KEY) ENGINE=InnoDB /* xid=# */
mysqld-bin.000001	375	Gtid	1	454	SET @@SESSION.GTID_NEXT= '<effective_uuid>:2'
mysqld-bin.000001	454	Query	1	529	BEGIN
mysqld-bin.000001	529	Table_map	1	577	table_id: # (test.t1)
mysqld-bin.000001	577	Write_rows	1	617	table_id: # flags: STMT_END_F
mysqld-bin.000001	617	Xid	1	648	COMMIT /* xid=# */
gtid_executed_equal
1
SHOW BINLOG EVENTS IN 'mysqld-bin.000002' FROM 125;
Log_name	Pos	Event_type	Server_id	End_log_pos	Info
mysqld-bin.000002	125	Previous_gtids	2	156	
mysqld-bin.000002	156	Gtid	1	240	SET @@SESSION.GTID_NEXT= '<effective_uuid>:1'
mysqld-bin.000002	240	Query	1	382	use `test`; CREATE TABLE t1 (f1 INTEGER PRIMARY KEY) ENGINE=InnoDB /* xid=3 */
mysqld-bin.000002	382	Gtid	1	468	SET @@SESSION.GTID_NEXT= '<effective_uuid>:2'
mysqld-bin.000002	468	Query	1	538	BEGIN
mysqld-bin.000002	538	Table_map	1	586	table_id: # (test.t1)
mysqld-bin.000002	586	Write_rows	1	626	table_id: # flags: STMT_END_F
mysqld-bin.000002	626	Xid	1	657	COMMIT /* xid=4 */
SELECT COUNT(*) = 1 FROM t1;
COUNT(*) = 1
1
gtid_executed_equal
1
SHOW BINLOG EVENTS IN 'mysqld-bin.000004' FROM 125;
Log_name	Pos	Event_type	Server_id	End_log_pos	Info
mysqld-bin.000004	125	Previous_gtids	3	156	
mysqld-bin.000004	156	Gtid	1	240	SET @@SESSION.GTID_NEXT= '<effective_uuid>:1'
mysqld-bin.000004	240	Query	1	382	use `test`; CREATE TABLE t1 (f1 INTEGER PRIMARY KEY) ENGINE=InnoDB /* xid=3 */
mysqld-bin.000004	382	Gtid	1	468	SET @@SESSION.GTID_NEXT= '<effective_uuid>:2'
mysqld-bin.000004	468	Query	1	538	BEGIN
mysqld-bin.000004	538	Table_map	1	586	table_id: # (test.t1)
mysqld-bin.000004	586	Write_rows	1	626	table_id: # flags: STMT_END_F
mysqld-bin.000004	626	Xid	1	657	COMMIT /* xid=4 */
DROP TABLE t1;
STOP SLAVE;
RESET SLAVE ALL;
