DROP TABLE IF EXISTS t1, t2;
FLUSH HOSTS;
SET SESSION wsrep_replicate_myisam = TRUE;
CREATE USER 'user1'@'localhost' IDENTIFIED BY 'pass1';
FLUSH PRIVILEGES;
DELETE FROM mysql.user WHERE user = 'user1';
SET SESSION wsrep_replicate_myisam = FALSE;
FLUSH PRIVILEGES;
FLUSH STATUS;
FLUSH USER_RESOURCES;
FLUSH TABLES;
CREATE TABLE t2 (f1 INTEGER);
FLUSH TABLES t2;
FLUSH ERROR LOGS;
FLUSH SLOW LOGS;
FLUSH GENERAL LOGS;
FLUSH ENGINE LOGS;
FLUSH RELAY LOGS;
FLUSH CLIENT_STATISTICS;
FLUSH INDEX_STATISTICS;
FLUSH TABLE_STATISTICS;
FLUSH USER_STATISTICS;
FLUSH THREAD_STATISTICS;
FLUSH CHANGED_PAGE_BITMAPS;
CREATE TABLE t1 (f1 INTEGER);
FLUSH LOGS;
FLUSH BINARY LOGS;
FLUSH TABLES WITH READ LOCK;
UNLOCK TABLES;
FLUSH TABLES t1 WITH READ LOCK;
UNLOCK TABLES;
FLUSH TABLES t1 FOR EXPORT;
UNLOCK TABLES;
RESET CHANGED_PAGE_BITMAPS;
wsrep_last_committed_diff
1
LOCK TABLES t1 WRITE;
FLUSH TABLES t1;
UNLOCK TABLES;
LOCK TABLES t1 READ;
FLUSH TABLES t1;
ERROR HY000: Table 't1' was locked with a READ lock and can't be updated
UNLOCK TABLES;
wsrep_last_committed_diff
1
FLUSH TABLES t1;
DROP TABLE t1;
DROP TABLE t2;
#node-1
CREATE TABLE t1 (f1 INTEGER) Engine=InnoDB;
FLUSH TABLE WITH READ LOCK;
#node-1a
FLUSH TABLE t1 WITH READ LOCK;;
#node-1
UNLOCK TABLES;
SELECT * FROM t1;
f1
#node-2
INSERT INTO t1 values (100);
#node-1a
UNLOCK TABLES;
SELECT * FROM t1;
f1
100
DROP TABLE t1;
