CREATE TABLE t1 (id INT PRIMARY KEY) ENGINE=InnoDB;
SET GLOBAL read_only=TRUE;
INSERT INTO t1 VALUES (1);
SELECT COUNT(*) = 1 FROM t1;
COUNT(*) = 1
1
SET GLOBAL read_only=FALSE;
DROP TABLE t1;
CREATE TABLE t1 (id INT PRIMARY KEY) ENGINE=InnoDB;
CREATE TABLE t2 (id INT PRIMARY KEY) ENGINE=InnoDB;
SET GLOBAL super_read_only=TRUE;
INSERT INTO t1 VALUES (1);
DROP TABLE t2;
SELECT COUNT(*) = 1 FROM t1;
COUNT(*) = 1
1
SHOW TABLES;
Tables_in_test
t1
SET GLOBAL super_read_only=FALSE;
SET GLOBAL read_only=FALSE;
DROP TABLE t1;
