CREATE TABLE t1 (f1 INTEGER) ENGINE=InnoDB;
SET SESSION sql_log_bin = 0;
CREATE TABLE t2 (f1 INTEGER) ENGINE=InnoDB;
INSERT INTO t1 VALUES (1);
CREATE USER 'demo'@'localhost' IDENTIFIED BY 's3kr3t';
SET SESSION sql_log_bin = 1;
INSERT INTO t1 VALUES (2);
SELECT @@global.gtid_executed;
@@global.gtid_executed

CALL mtr.add_suppression("Slave SQL: Error 'Unknown table 'test.t2'' on query");
SELECT COUNT(*) = 1 FROM t1;
COUNT(*) = 1
1
SELECT COUNT(*) = 0 FROM t1 WHERE f1 = 1;
COUNT(*) = 0
1
SHOW TABLES;
Tables_in_test
t1
DROP USER 'demo'@'localhost';
ERROR HY000: Operation DROP USER failed for 'demo'@'localhost'
DROP TABLE t1;
DROP TABLE t2;
use test;
create table t (i int, primary key pk(i)) engine=innodb;
insert into t values (1);
set sql_log_bin=0;
alter table t add column j int;
optimize table t;
Table	Op	Msg_type	Msg_text
test.t	optimize	note	Table does not support optimize, doing recreate + analyze instead
test.t	optimize	status	OK
analyze table t;
Table	Op	Msg_type	Msg_text
test.t	analyze	status	OK
repair table t;
Table	Op	Msg_type	Msg_text
test.t	repair	note	The storage engine for the table doesn't support repair
set sql_log_bin=1;
set sql_log_bin=0;
insert into t values (2, 2);
set sql_log_bin=1;
select * from t;
i	j
1	NULL
2	2
use test;
select * from t;
i
1
drop table t;
