CREATE TABLE t1 (f1 INTEGER PRIMARY KEY) ENGINE=InnoDB;
SELECT GET_LOCK("foo", 1000);
GET_LOCK("foo", 1000)
1
SET AUTOCOMMIT=OFF;
INSERT INTO t1 VALUES (1);
SELECT GET_LOCK("foo", 1000);;
INSERT INTO t1 VALUES (1);
ERROR 40001: WSREP detected deadlock/conflict and aborted the transaction. Try restarting the transaction
wsrep_local_aborts_increment
1
DROP TABLE t1;
#node-1
use test;
set @@sql_mode = 'NO_AUTO_VALUE_ON_ZERO';
set @@session.sql_log_bin = 0;
set @@global.wsrep_drupal_282555_workaround = 1;
select get_lock("lock-1", 100000);
get_lock("lock-1", 100000)
1
create table t1 (c1 int auto_increment unique key) engine=innodb;
insert into t1 values ('a');
Warnings:
Warning	1366	Incorrect integer value: 'a' for column 'c1' at row 1
insert into t1 values ('a');
ERROR 23000: Duplicate entry '0' for key 'c1'
set @@global.wsrep_drupal_282555_workaround = 0;
set @@session.sql_log_bin = 1;
set @@sql_mode = default;
CALL mtr.add_suppression("Slave SQL: Error 'Unknown table 'test.t1'' on query");
drop table t1;
