RESET MASTER;
RESET MASTER;
CREATE TABLE t1 (id INT PRIMARY KEY) ENGINE=InnoDB;
INSERT INTO t1 VALUES (1);
CREATE TABLE t2 (id INT) ENGINE=InnoDB;
INSERT INTO t2 VALUES (1);
INSERT INTO t2 VALUES (1);
SELECT COUNT(*) = 1 FROM t1;
COUNT(*) = 1
1
SELECT COUNT(*) = 2 FROM t2;
COUNT(*) = 2
1
ALTER TABLE t1 ADD COLUMN f2 INTEGER;
FLUSH LOGS;
SHOW BINLOG EVENTS IN 'mysqld-bin.000002' FROM 124;
Log_name	Pos	Event_type	Server_id	End_log_pos	Info
mysqld-bin.000002	125	Previous_gtids	1	156	
SELECT COUNT(*) = 2 FROM INFORMATION_SCHEMA.COLUMNS WHERE TABLE_NAME = 't1';
COUNT(*) = 2
1
SHOW BINLOG EVENTS IN 'mysqld-bin.000001' FROM 125;
Log_name	Pos	Event_type	Server_id	End_log_pos	Info
mysqld-bin.000001	125	Previous_gtids	2	156	
mysqld-bin.000001	156	Anonymous_Gtid	1	233	SET @@SESSION.GTID_NEXT= 'ANONYMOUS'
mysqld-bin.000001	233	Query	1	371	use `test`; CREATE TABLE t1 (id INT PRIMARY KEY) ENGINE=InnoDB /* xid=# */
mysqld-bin.000001	371	Anonymous_Gtid	1	450	SET @@SESSION.GTID_NEXT= 'ANONYMOUS'
mysqld-bin.000001	450	Query	1	525	BEGIN
mysqld-bin.000001	525	Table_map	1	573	table_id: # (test.t1)
mysqld-bin.000001	573	Write_rows	1	613	table_id: # flags: STMT_END_F
mysqld-bin.000001	613	Xid	1	644	COMMIT /* xid=# */
mysqld-bin.000001	644	Anonymous_Gtid	1	721	SET @@SESSION.GTID_NEXT= 'ANONYMOUS'
mysqld-bin.000001	721	Query	1	847	use `test`; CREATE TABLE t2 (id INT) ENGINE=InnoDB /* xid=# */
mysqld-bin.000001	847	Anonymous_Gtid	1	926	SET @@SESSION.GTID_NEXT= 'ANONYMOUS'
mysqld-bin.000001	926	Query	1	1001	BEGIN
mysqld-bin.000001	1001	Table_map	1	1049	table_id: # (test.t2)
mysqld-bin.000001	1049	Write_rows	1	1089	table_id: # flags: STMT_END_F
mysqld-bin.000001	1089	Xid	1	1120	COMMIT /* xid=# */
mysqld-bin.000001	1120	Anonymous_Gtid	1	1199	SET @@SESSION.GTID_NEXT= 'ANONYMOUS'
mysqld-bin.000001	1199	Query	1	1274	BEGIN
mysqld-bin.000001	1274	Table_map	1	1322	table_id: # (test.t2)
mysqld-bin.000001	1322	Write_rows	1	1362	table_id: # flags: STMT_END_F
mysqld-bin.000001	1362	Xid	1	1393	COMMIT /* xid=# */
mysqld-bin.000001	1393	Anonymous_Gtid	1	1470	SET @@SESSION.GTID_NEXT= 'ANONYMOUS'
mysqld-bin.000001	1470	Query	1	1594	use `test`; ALTER TABLE t1 ADD COLUMN f2 INTEGER /* xid=# */
DROP TABLE t1;
DROP TABLE t2;
RESET MASTER;
