START SLAVE USER='root';
Warnings:
Note	1759	Sending passwords in plain text without SSL/TLS is extremely insecure.
CREATE TABLE t1 (f1 INTEGER PRIMARY KEY) ENGINE=InnoDB;
INSERT INTO t1 VALUES(1);
SELECT LENGTH(@@global.gtid_executed) > 1;
LENGTH(@@global.gtid_executed) > 1
1
SHOW BINARY LOGS;
Log_name	File_size
mysqld-bin.000001	641
SHOW BINLOG EVENTS IN 'mysqld-bin.000001' FROM 124;
Log_name	Pos	Event_type	Server_id	End_log_pos	Info
mysqld-bin.000001	124	Previous_gtids	1	155	
mysqld-bin.000001	155	Gtid	1	228	SET @@SESSION.GTID_NEXT= '<effective_uuid>:1'
mysqld-bin.000001	228	Query	1	370	use `test`; CREATE TABLE t1 (f1 INTEGER PRIMARY KEY) ENGINE=InnoDB /* xid=# */
mysqld-bin.000001	370	Gtid	1	445	SET @@SESSION.GTID_NEXT= '<effective_uuid>:2'
mysqld-bin.000001	445	Query	1	522	BEGIN
mysqld-bin.000001	522	Table_map	1	570	table_id: # (test.t1)
mysqld-bin.000001	570	Write_rows	1	610	table_id: # flags: STMT_END_F
mysqld-bin.000001	610	Xid	1	641	COMMIT /* xid=# */
gtid_executed_equal
1
SHOW BINLOG EVENTS IN 'mysqld-bin.000001' FROM 124;
Log_name	Pos	Event_type	Server_id	End_log_pos	Info
mysqld-bin.000001	124	Previous_gtids	2	155	
mysqld-bin.000001	155	Gtid	1	235	SET @@SESSION.GTID_NEXT= '<effective_uuid>:1'
mysqld-bin.000001	235	Query	1	377	use `test`; CREATE TABLE t1 (f1 INTEGER PRIMARY KEY) ENGINE=InnoDB /* xid=1 */
mysqld-bin.000001	377	Gtid	1	459	SET @@SESSION.GTID_NEXT= '<effective_uuid>:2'
mysqld-bin.000001	459	Query	1	531	BEGIN
mysqld-bin.000001	531	Table_map	1	579	table_id: # (test.t1)
mysqld-bin.000001	579	Write_rows	1	619	table_id: # flags: STMT_END_F
mysqld-bin.000001	619	Xid	1	650	COMMIT /* xid=2 */
SELECT COUNT(*) = 1 FROM t1;
COUNT(*) = 1
1
gtid_executed_equal
1
SHOW BINLOG EVENTS IN 'mysqld-bin.000001' FROM 124;
Log_name	Pos	Event_type	Server_id	End_log_pos	Info
mysqld-bin.000001	124	Previous_gtids	3	155	
mysqld-bin.000001	155	Gtid	1	235	SET @@SESSION.GTID_NEXT= '<effective_uuid>:1'
mysqld-bin.000001	235	Query	1	377	use `test`; CREATE TABLE t1 (f1 INTEGER PRIMARY KEY) ENGINE=InnoDB /* xid=1 */
mysqld-bin.000001	377	Gtid	1	459	SET @@SESSION.GTID_NEXT= '<effective_uuid>:2'
mysqld-bin.000001	459	Query	1	531	BEGIN
mysqld-bin.000001	531	Table_map	1	579	table_id: # (test.t1)
mysqld-bin.000001	579	Write_rows	1	619	table_id: # flags: STMT_END_F
mysqld-bin.000001	619	Xid	1	650	COMMIT /* xid=2 */
DROP TABLE t1;
STOP SLAVE;
RESET SLAVE ALL;
