#node-1
use test;
create table t (i int, primary key pk(i)) encryption='y';
insert into t values (1), (2), (3);
select * from t;
i
1
2
3
show create table t;
Table	Create Table
t	CREATE TABLE `t` (
  `i` int NOT NULL,
  PRIMARY KEY (`i`)
) ENGINE=InnoDB DEFAULT CHARSET=utf8mb4 COLLATE=utf8mb4_0900_ai_ci ENCRYPTION='y'
create schema work2;
set session default_table_encryption=ON;
create schema work3;
set session default_table_encryption=OFF;
select schema_name, default_encryption from information_schema.schemata where schema_name like 'work%';
SCHEMA_NAME	DEFAULT_ENCRYPTION
work2	NO
work3	YES
#node-2
select * from t;
i
1
2
3
show create table t;
Table	Create Table
t	CREATE TABLE `t` (
  `i` int NOT NULL,
  PRIMARY KEY (`i`)
) ENGINE=InnoDB DEFAULT CHARSET=utf8mb4 COLLATE=utf8mb4_0900_ai_ci ENCRYPTION='y'
select schema_name, default_encryption from information_schema.schemata where schema_name like 'work%';
SCHEMA_NAME	DEFAULT_ENCRYPTION
work2	NO
work3	YES
drop table t;
drop database work2;
drop database work3;
#node-2 being killed
Killing server ...
#node-1
CREATE TABLE e1 (
id INT NOT NULL,
text VARCHAR(10) DEFAULT NULL,
PRIMARY KEY (id)
) ENCRYPTION='Y';
INSERT INTO e1 VALUES(1, 'aaaaa');
INSERT INTO e1 VALUES(2, 'bbbbb');
create schema work2;
set session default_table_encryption=ON;
create schema work3;
set session default_table_encryption=OFF;
select schema_name, default_encryption from information_schema.schemata where schema_name like 'work%';
SCHEMA_NAME	DEFAULT_ENCRYPTION
work2	NO
work3	YES
#node-2 restarted (should get encrypted table through SST)
# restart
select schema_name, default_encryption from information_schema.schemata where schema_name like 'work%';
SCHEMA_NAME	DEFAULT_ENCRYPTION
work2	NO
work3	YES
select * from e1;
id	text
1	aaaaa
2	bbbbb
show create table e1;
Table	Create Table
e1	CREATE TABLE `e1` (
  `id` int NOT NULL,
  `text` varchar(10) DEFAULT NULL,
  PRIMARY KEY (`id`)
) ENGINE=InnoDB DEFAULT CHARSET=utf8mb4 COLLATE=utf8mb4_0900_ai_ci ENCRYPTION='Y'
drop table e1;
drop database work2;
drop database work3;
#node-2 being shutdown 
#node-1
CREATE TABLE e1 (
id INT NOT NULL,
text VARCHAR(10) DEFAULT NULL,
PRIMARY KEY (id)
) ENCRYPTION='Y';
INSERT INTO e1 VALUES(1, 'aaaaa');
INSERT INTO e1 VALUES(2, 'bbbbb');
create schema work2;
set session default_table_encryption=ON;
create schema work3;
set session default_table_encryption=OFF;
select schema_name, default_encryption from information_schema.schemata where schema_name like 'work%';
SCHEMA_NAME	DEFAULT_ENCRYPTION
work2	NO
work3	YES
#node-2 restarted (should get encrypted table through IST)
# restart
select schema_name, default_encryption from information_schema.schemata where schema_name like 'work%';
SCHEMA_NAME	DEFAULT_ENCRYPTION
work2	NO
work3	YES
select * from e1;
id	text
1	aaaaa
2	bbbbb
show create table e1;
Table	Create Table
e1	CREATE TABLE `e1` (
  `id` int NOT NULL,
  `text` varchar(10) DEFAULT NULL,
  PRIMARY KEY (`id`)
) ENGINE=InnoDB DEFAULT CHARSET=utf8mb4 COLLATE=utf8mb4_0900_ai_ci ENCRYPTION='Y'
drop table e1;
drop database work2;
drop database work3;
