CREATE TABLE t1 (id INT PRIMARY KEY) ENGINE=innodb;
START TRANSACTION;
INSERT INTO t1 VALUES(1);
COMMIT WORK AND CHAIN;
SELECT * FROM t1;
id
1
INSERT INTO t1 VALUES(2);
SELECT * FROM t1;
id
1
2
ROLLBACK WORK AND CHAIN;
SELECT * FROM t1;
id
1
INSERT INTO t1 VALUES(3);
COMMIT;
SELECT* FROM t1;
id
1
3
SELECT * FROM t1;
id
1
3
DROP TABLE t1;
