SET DEFAULT_STORAGE_ENGINE='tokudb';
*** Bug #22169 ***
DROP TABLE IF EXISTS z1;
create table z1 (a int, b int, c int, d int, e int, clustering key (a));
insert into z1 values (1,1,1,1,1),(7,7,7,7,7),(4,4,4,4,4),(3,3,3,3,3),(5,5,5,5,5),(2,2,2,2,2),(6,6,6,6,6);
explain select * From z1 order by a;
id	select_type	table	partitions	type	possible_keys	key	key_len	ref	rows	filtered	Extra
1	SIMPLE	z1	NULL	index	NULL	a	5	NULL	7	100.00	NULL
Warnings:
Note	1003	/* select#1 */ select `test`.`z1`.`a` AS `a`,`test`.`z1`.`b` AS `b`,`test`.`z1`.`c` AS `c`,`test`.`z1`.`d` AS `d`,`test`.`z1`.`e` AS `e` from `test`.`z1` order by `test`.`z1`.`a`
select * from z1 order by a;
a	b	c	d	e
1	1	1	1	1
2	2	2	2	2
3	3	3	3	3
4	4	4	4	4
5	5	5	5	5
6	6	6	6	6
7	7	7	7	7
explain select * From z1 order by a desc;
id	select_type	table	partitions	type	possible_keys	key	key_len	ref	rows	filtered	Extra
1	SIMPLE	z1	NULL	index	NULL	a	5	NULL	7	100.00	Backward index scan
Warnings:
Note	1003	/* select#1 */ select `test`.`z1`.`a` AS `a`,`test`.`z1`.`b` AS `b`,`test`.`z1`.`c` AS `c`,`test`.`z1`.`d` AS `d`,`test`.`z1`.`e` AS `e` from `test`.`z1` order by `test`.`z1`.`a` desc
select * from z1 order by a desc;
a	b	c	d	e
7	7	7	7	7
6	6	6	6	6
5	5	5	5	5
4	4	4	4	4
3	3	3	3	3
2	2	2	2	2
1	1	1	1	1
DROP TABLE z1;
