SET DEFAULT_STORAGE_ENGINE='tokudb';
*** Bug #22169 ***
DROP TABLE IF EXISTS z1;
create table z1 (a int, b int, c int, d int, e int, primary key (c,d), clustering key (a,b));
insert into z1 values (1,1,1,1,1), (1,2,3,4,5), (3,4,1,100,1),(3,4,1,2,3),(3,5,1,21,1),(7,8,4,2,6),(9,10,34,3,2);
insert into z1 values (-1,-1,-1,-1,-1), (-1,-2,-3,-4,-5), (-3,-4,-1,-100,-1),(-3,-4,-1,-2,-3),(-3,-5,-1,-21,-1),(-7,-8,-4,-2,-6),(-9,-10,-34,-3,-2);
select * from z1 group by a,b,c,d,e;
a	b	c	d	e
-9	-10	-34	-3	-2
-7	-8	-4	-2	-6
-1	-2	-3	-4	-5
-3	-4	-1	-100	-1
-3	-5	-1	-21	-1
-3	-4	-1	-2	-3
-1	-1	-1	-1	-1
1	1	1	1	1
3	4	1	2	3
3	5	1	21	1
3	4	1	100	1
1	2	3	4	5
7	8	4	2	6
9	10	34	3	2
explain select a,b from z1 where a > 1;
id	select_type	table	partitions	type	possible_keys	key	key_len	ref	rows	filtered	Extra
1	SIMPLE	z1	NULL	range	a	a	5	NULL	5	100.00	Using where; Using index
Warnings:
Note	1003	/* select#1 */ select `test`.`z1`.`a` AS `a`,`test`.`z1`.`b` AS `b` from `test`.`z1` where (`test`.`z1`.`a` > 1)
select a,b from z1 where a > 1;
a	b
3	4
3	4
3	5
7	8
9	10
explain select a,b from z1 where a >=1 and b > 1;
id	select_type	table	partitions	type	possible_keys	key	key_len	ref	rows	filtered	Extra
1	SIMPLE	z1	NULL	range	a	a	10	NULL	6	33.33	Using where; Using index
Warnings:
Note	1003	/* select#1 */ select `test`.`z1`.`a` AS `a`,`test`.`z1`.`b` AS `b` from `test`.`z1` where ((`test`.`z1`.`a` >= 1) and (`test`.`z1`.`b` > 1))
select a,b from z1 where a >=1 and b > 1;
a	b
1	2
3	4
3	4
3	5
7	8
9	10
explain select a,b from z1 where a > 3;
id	select_type	table	partitions	type	possible_keys	key	key_len	ref	rows	filtered	Extra
1	SIMPLE	z1	NULL	range	a	a	5	NULL	2	100.00	Using where; Using index
Warnings:
Note	1003	/* select#1 */ select `test`.`z1`.`a` AS `a`,`test`.`z1`.`b` AS `b` from `test`.`z1` where (`test`.`z1`.`a` > 3)
select a,b from z1 where a > 3;
a	b
7	8
9	10
explain select a,b from z1 where a >=3 and b > 4;
id	select_type	table	partitions	type	possible_keys	key	key_len	ref	rows	filtered	Extra
1	SIMPLE	z1	NULL	range	a	a	10	NULL	3	33.33	Using where; Using index
Warnings:
Note	1003	/* select#1 */ select `test`.`z1`.`a` AS `a`,`test`.`z1`.`b` AS `b` from `test`.`z1` where ((`test`.`z1`.`a` >= 3) and (`test`.`z1`.`b` > 4))
select a,b from z1 where a >=3 and b > 4;
a	b
3	5
7	8
9	10
select distinct a from z1;
a
-9
-7
-3
-1
1
3
7
9
DROP TABLE z1;
