SET DEFAULT_STORAGE_ENGINE='tokudb';
*** Bug #22169 ***
DROP TABLE IF EXISTS z1;
create table z1 (a int, b int, c int, d int, e int, primary key (c,d), clustering key (a,b));
insert into z1 values (1,1,1,1,1), (1,2,3,4,5), (3,4,1,100,1),(3,4,1,2,3),(3,5,1,21,1),(7,8,4,2,6),(9,10,34,3,2);
insert into z1 values (-1,-1,-1,-1,-1), (-1,-2,-3,-4,-5), (-3,-4,-1,-100,-1),(-3,-4,-1,-2,-3),(-3,-5,-1,-21,-1),(-7,-8,-4,-2,-6),(-9,-10,-34,-3,-2);
select * from z1 group by a,b,c,d,e;
a	b	c	d	e
-9	-10	-34	-3	-2
-7	-8	-4	-2	-6
-1	-2	-3	-4	-5
-3	-4	-1	-100	-1
-3	-5	-1	-21	-1
-3	-4	-1	-2	-3
-1	-1	-1	-1	-1
1	1	1	1	1
3	4	1	2	3
3	5	1	21	1
3	4	1	100	1
1	2	3	4	5
7	8	4	2	6
9	10	34	3	2
explain select a,b from z1 where a < 1;
id	select_type	table	partitions	type	possible_keys	key	key_len	ref	rows	filtered	Extra
1	SIMPLE	z1	NULL	range	a	a	5	NULL	7	100.00	Using where; Using index
Warnings:
Note	1003	/* select#1 */ select `test`.`z1`.`a` AS `a`,`test`.`z1`.`b` AS `b` from `test`.`z1` where (`test`.`z1`.`a` < 1)
select max(a) from z1 where a < 1;
max(a)
-1
explain select a,b from z1 where a < 9;
id	select_type	table	partitions	type	possible_keys	key	key_len	ref	rows	filtered	Extra
1	SIMPLE	z1	NULL	range	a	a	5	NULL	13	100.00	Using where; Using index
Warnings:
Note	1003	/* select#1 */ select `test`.`z1`.`a` AS `a`,`test`.`z1`.`b` AS `b` from `test`.`z1` where (`test`.`z1`.`a` < 9)
select max(a) from z1 where a < 9;
max(a)
7
explain select a,b from z1 where a < 7;
id	select_type	table	partitions	type	possible_keys	key	key_len	ref	rows	filtered	Extra
1	SIMPLE	z1	NULL	range	a	a	5	NULL	12	100.00	Using where; Using index
Warnings:
Note	1003	/* select#1 */ select `test`.`z1`.`a` AS `a`,`test`.`z1`.`b` AS `b` from `test`.`z1` where (`test`.`z1`.`a` < 7)
select max(a) from z1 where a < 7;
max(a)
3
explain select a,b from z1 where a < 3;
id	select_type	table	partitions	type	possible_keys	key	key_len	ref	rows	filtered	Extra
1	SIMPLE	z1	NULL	range	a	a	5	NULL	9	100.00	Using where; Using index
Warnings:
Note	1003	/* select#1 */ select `test`.`z1`.`a` AS `a`,`test`.`z1`.`b` AS `b` from `test`.`z1` where (`test`.`z1`.`a` < 3)
select max(a) from z1 where a < 3;
max(a)
1
explain select max(b) from z1 where a = 1;
id	select_type	table	partitions	type	possible_keys	key	key_len	ref	rows	filtered	Extra
1	SIMPLE	NULL	NULL	NULL	NULL	NULL	NULL	NULL	NULL	NULL	Select tables optimized away
Warnings:
Note	1003	/* select#1 */ select max(`test`.`z1`.`b`) AS `max(b)` from `test`.`z1` where multiple equal(1, `test`.`z1`.`a`)
select max(b) from z1 where a = 1;
max(b)
2
explain select max(b) from z1 where a = 3;
id	select_type	table	partitions	type	possible_keys	key	key_len	ref	rows	filtered	Extra
1	SIMPLE	NULL	NULL	NULL	NULL	NULL	NULL	NULL	NULL	NULL	Select tables optimized away
Warnings:
Note	1003	/* select#1 */ select max(`test`.`z1`.`b`) AS `max(b)` from `test`.`z1` where multiple equal(3, `test`.`z1`.`a`)
select max(b) from z1 where a = 3;
max(b)
5
explain select max(b) from z1 where a = 9;
id	select_type	table	partitions	type	possible_keys	key	key_len	ref	rows	filtered	Extra
1	SIMPLE	NULL	NULL	NULL	NULL	NULL	NULL	NULL	NULL	NULL	Select tables optimized away
Warnings:
Note	1003	/* select#1 */ select max(`test`.`z1`.`b`) AS `max(b)` from `test`.`z1` where multiple equal(9, `test`.`z1`.`a`)
select max(b) from z1 where a = 9;
max(b)
10
DROP TABLE z1;
